run_id,timestamp_utc,strategy_id,strategy_version,variant,mode,tf,symbols,period_start,period_end,fold,stage,debug,git_commit,data_hash,author,params_json,artifacts_path,total_return,cagr,vol,sharpe,sortino,maxdd,calmar,trades,win_rate,profit_factor,avg_trade_net_bp,cost_share,exposure,funding_paid,random_pct,dsr,breadth
279d9cbc,2026-09-24T12:56:44.416455+00:00,S01,1.0.0,V0,portfolio,1d,BNBUSDT;XRPUSDT;SOLUSDT;TRXUSDT;DOGEUSDT;ADAUSDT;BCHUSDT;LINKUSDT;ZECUSDT,2023-01-01,2025-12-31,,dev,False,,,,,reports/dev/S01,0.23819067662951166,0.07381428352422703,0.06468840686571305,1.1330160669352394,1.991537439581615,-0.054916857200278946,1.344109755862943,189,0.10582010582010581,0.2236538783667321,-494.9078335627458,0.622960506994938,1.0,-135.94972478555434,,,
7db4a86d,2026-09-24T12:56:45.859646+00:00,S01,1.0.0,V0,pair,1d,BNBUSDT,2023-01-01,2025-12-31,,dev,False,,,,,,0.04864906858892715,0.015960270765517315,0.01716675596395087,0.9309715954497305,1.5490702586641316,-0.017947481878686555,0.889276327085799,33,0.06060606060606061,0.02998419848997092,-565.4013216126788,0.5096454829227162,1.0,12.457303224569811,,,
2adcc7bb,2026-09-24T12:56:47.240694+00:00,S01,1.0.0,V0,pair,1d,XRPUSDT,2023-01-01,2025-12-31,,dev,False,,,,,,0.04930634446955229,0.016172488794495843,0.01578047792165271,1.0245335913830445,2.0648578075016717,-0.013240845413799551,1.2214090784294593,45,0.06666666666666667,0.030123286211765767,-598.912526413644,3.1572131325084984,0.8666666666666667,-26.02793276853524,,,
421bbbdd,2026-09-24T12:56:48.677418+00:00,S01,1.0.0,V0,pair,1d,SOLUSDT,2023-01-01,2025-12-31,,dev,False,,,,,,0.06534771889003466,0.021324601941816068,0.01706426300131539,1.245078429490438,2.2247305557511736,-0.014736827854748724,1.4470279596123892,15,0.13333333333333333,1.8819253452709497,296.4227734502591,0.3481492119498298,1.0,-43.81308407153467,,,
364ea34b,2026-09-24T12:56:50.133025+00:00,S01,1.0.0,V0,pair,1d,TRXUSDT,2023-01-01,2025-12-31,,dev,False,,,,,,0.10442431780666106,0.03366224447844157,0.03524531671312211,0.9565467462488356,3.2075250218831672,-0.014216934242965995,2.3677569230578936,31,0.16129032258064516,0.5122970278211277,-329.10372855365256,0.4286348840592473,0.9945205479452055,-19.703286912308016,,,
de46bb29,2026-09-24T12:56:51.537909+00:00,S01,1.0.0,V0,pair,1d,DOGEUSDT,2023-01-01,2025-12-31,,dev,False,,,,,,0.035246847877180576,0.011613552564787133,0.015696562174458237,0.7434618458502514,1.2968875019821613,-0.01947339841641549,0.5963803706186824,37,0.08108108108108109,0.11922866496304901,-652.3134157160168,1.6932779326333305,0.7835616438356164,-37.565356819402474,,,
1144fb48,2026-09-24T12:56:52.910310+00:00,S01,1.0.0,V0,pair,1d,ADAUSDT,2023-01-01,2025-12-31,,dev,False,,,,,,0.04721497891951132,0.015496930885185778,0.01867892775298108,0.831668236699104,1.407001443649091,-0.02998076739558786,0.516895737881159,31,0.03225806451612903,0.011872715382145163,-862.6621618494174,9.72660829299056,0.8410958904109589,-42.50111522436664,,,
979512f2,2026-09-24T12:56:54.310272+00:00,S01,1.0.0,V0,pair,1d,BCHUSDT,2023-01-01,2025-12-31,,dev,False,,,,,,0.033269982737568204,0.01096923027900698,0.01899027483366166,0.5839205857549303,1.3160990225490525,-0.02418041912100244,0.45364103178341575,33,0.12121212121212122,0.3228459112760501,-298.29244231934285,0.14140196717168693,0.8949771689497716,2.291554577201979,,,
26fed854,2026-09-24T12:56:55.667334+00:00,S01,1.0.0,V0,pair,1d,LINKUSDT,2023-01-01,2025-12-31,,dev,False,,,,,,0.03174662170627074,0.01047215832191739,0.016461422531180957,0.6410821498474352,1.0983064531380522,-0.015275453038505638,0.685554680147271,42,0.11904761904761904,0.09006519600570953,-606.9853145853559,1.3712964363013143,0.7534246575342466,-39.148888279989286,,,
13ecb537,2026-09-24T12:56:57.076601+00:00,S01,1.0.0,V0,pair,1d,ZECUSDT,2023-01-01,2025-12-31,,dev,False,,,,,,0.07323948707878603,0.0238402864840932,0.021604287812166424,1.1012786636748497,2.329955138066295,-0.014651980027373779,1.6271033975990432,35,0.05714285714285714,0.23238223751000825,-559.9807804347988,0.5313013444838363,0.8621004566210045,-17.557493117928278,,,
d2377d8c,2026-09-24T12:57:19.127049+00:00,S01b,1.0.0,V0,portfolio,1d,BNBUSDT;XRPUSDT;SOLUSDT;TRXUSDT;DOGEUSDT;ADAUSDT;BCHUSDT;LINKUSDT;ZECUSDT,2023-01-01,2025-12-31,,dev,False,,,,,reports/dev/S01b,0.20801834516035012,0.06502019553945937,0.06693899119063171,0.9785333854766427,1.6916252172410968,-0.08257915177644126,0.7873681690928771,138,0.15942028985507245,0.3378130540276741,-403.1451570622901,0.4932981653440928,1.0,-120.07400125790298,,,
33267fd0,2026-09-24T12:57:20.655832+00:00,S01b,1.0.0,V0,pair,1d,BNBUSDT,2023-01-01,2025-12-31,,dev,False,,,,,,0.02458354845435129,0.008128268396160765,0.01725296738475783,0.4763853283728261,0.7752896281162275,-0.030124939394291395,0.2698185808699437,34,0.11764705882352941,0.07398075192155307,-473.52773311434265,3.683324181325871,1.0,0.7587742342535484,,,
c4b692ae,2026-09-24T12:57:22.159715+00:00,S01b,1.0.0,V0,pair,1d,XRPUSDT,2023-01-01,2025-12-31,,dev,False,,,,,,0.010242963738579913,0.003402729544925265,0.017825551692110676,0.1994836227840175,0.3180630590672658,-0.03555091584541126,0.09571425838146087,43,0.23255813953488372,0.30090530672857685,-607.3655440286944,0.3910022637682782,1.0,-13.027009040374928,,,
ca605957,2026-09-24T12:57:23.665467+00:00,S01b,1.0.0,V0,pair,1d,SOLUSDT,2023-01-01,2025-12-31,,dev,False,,,,,,0.03532287312351334,0.01163831518931846,0.017299806971956055,0.6778020936218357,1.1605702206361146,-0.024592253102409534,0.47325127717468657,30,0.2,0.8471750257698067,-318.2731997392428,0.39167555481576916,1.0,-65.8576584564719,,,
de75b3cc,2026-09-24T12:57:25.210091+00:00,S01b,1.0.0,V0,pair,1d,TRXUSDT,2023-01-01,2025-12-31,,dev,False,,,,,,0.08543186314399098,0.02770275814498313,0.03515968696787959,0.7951835301544082,2.7115521582815214,-0.01315637152212934,2.1056533785463882,52,0.11538461538461539,0.3184470723895756,-318.8783836191105,0.9592872840975059,1.0,-44.210154357809344,,,
09cf9424,2026-09-24T12:57:26.739221+00:00,S01b,1.0.0,V0,pair,1d,DOGEUSDT,2023-01-01,2025-12-31,,dev,False,,,,,,0.01832662060302015,0.00607193057279054,0.015851514987274967,0.3911145485339629,0.6482610322249588,-0.022743066443682625,0.2669794149274514,23,0.08695652173913043,0.015724118192180874,-761.0333733814915,1.3596384131639183,1.0,-23.32744679030446,,,
1c065c54,2026-09-24T12:57:28.262705+00:00,S01b,1.0.0,V0,pair,1d,ADAUSDT,2023-01-01,2025-12-31,,dev,False,,,,,,0.014473095938303038,0.0048012761665297,0.018440758055923667,0.2822547388592716,0.40895146662811915,-0.03898812630335102,0.12314713790483005,25,0.12,0.08921800674244437,-626.9155130640975,0.517966472776858,1.0,-26.73235203686528,,,
5a44c29f,2026-09-24T12:57:29.918739+00:00,S01b,1.0.0,V0,pair,1d,BCHUSDT,2023-01-01,2025-12-31,,dev,False,,,,,,-0.005085808293973981,-0.0016981515175709117,0.019445449999187882,-0.07588960835029782,-0.15624628702093338,-0.03252268068725783,-0.05221437721879538,32,0.15625,0.11710356282711668,-657.9989323188825,1.0324001966523406,1.0,-11.885683144474777,,,
4f102a00,2026-09-24T12:57:31.447708+00:00,S01b,1.0.0,V0,pair,1d,LINKUSDT,2023-01-01,2025-12-31,,dev,False,,,,,,0.002062852289672623,0.0006871451532797224,0.01671400107642129,0.05905964046292968,0.0939323432257044,-0.019287437414127306,0.035626565547604315,28,0.14285714285714285,0.15708181117945905,-686.6655812871426,1.0892003201862361,1.0,-24.246155036225385,,,
578bb152,2026-09-24T12:57:32.943441+00:00,S01b,1.0.0,V0,pair,1d,ZECUSDT,2023-01-01,2025-12-31,,dev,False,,,,,,0.057526091684298564,0.018818987977703205,0.02657850352573883,0.7149701260827541,1.2607902373406776,-0.029005513099288116,0.6488072771987985,26,0.11538461538461539,0.12952943023476038,-784.8072615890832,0.7824664814353531,1.0,-0.9056105035020812,,,
8aa2dd6d,2026-09-24T12:57:55.212034+00:00,S02,1.0.0,V0,portfolio,1d,BNBUSDT;XRPUSDT;SOLUSDT;TRXUSDT;DOGEUSDT;ADAUSDT;BCHUSDT;LINKUSDT;ZECUSDT;HYPEUSDT,2023-01-01,2025-12-31,,dev,False,,,,,reports/dev/S02,0.18345138482720724,0.057751071788656905,0.23492217121640435,0.3639848803116561,0.525759666126669,-0.2975691807641454,0.19407611917455475,9,0.2222222222222222,0.08577098562415364,-296.3883539572793,16.4425589315768,1.0,-385.1649024214983,,,
86736e2e,2026-09-24T12:57:56.726625+00:00,S02,1.0.0,V0,pair,1d,BNBUSDT,2023-01-01,2025-12-31,,dev,False,,,,,,-0.019937719983509683,-0.006690570564000353,0.04484177619633264,-0.12608357228100012,-0.18862922869709423,-0.09846247843558165,-0.06795045859400756,2,1.0,inf,878.2411663321634,1.48568444053763,1.0,-2.555915415865846,,,
c43c2d86,2026-09-24T12:57:58.251914+00:00,S02,1.0.0,V0,pair,1d,XRPUSDT,2023-01-01,2025-12-31,,dev,False,,,,,,0.14722733286098988,0.046846877197940895,0.09854423334258071,0.5135802894710522,0.8392638169962606,-0.17766840411660634,0.2636759047331489,6,0.16666666666666666,0.0067389912533291916,-1188.0590890602427,48.35259986533989,1.0,-95.64695523556728,,,
6af34c00,2026-09-24T12:57:59.762601+00:00,S02,1.0.0,V0,pair,1d,SOLUSDT,2023-01-01,2025-12-31,,dev,False,,,,,,0.24965184073532543,0.07711732420952555,0.08789897461888027,0.8895066290301388,1.4689064139591865,-0.06336859236291159,1.2169644509045592,2,0.5,0.5260651884931302,-38.6287914222574,59.89945171550339,1.0,-293.02875150301907,,,
b01c8e69,2026-09-24T12:58:01.288947+00:00,S02,1.0.0,V0,pair,1d,TRXUSDT,2023-01-01,2025-12-31,,dev,False,,,,,,0.018186737986071844,0.00602586204689648,0.07059884141548055,0.12003663019085327,0.23045443144072864,-0.11745809867633228,0.051302227047803274,6,0.0,0.0,-569.4229519238183,26.52464548208741,1.0,-100.49347506527484,,,
1b32ee82,2026-09-24T12:58:02.849817+00:00,S02,1.0.0,V0,pair,1d,DOGEUSDT,2023-01-01,2025-12-31,,dev,False,,,,,,0.19801890813972456,0.06207346256671631,0.07941856537054544,0.8003069773598811,1.3006860744053936,-0.08257165132802524,0.7517527089306043,2,0.5,0.155154328729685,-300.7484307802787,9.124785727566099,1.0,-120.8725153272655,,,
e8b7a182,2026-09-24T12:58:04.391005+00:00,S02,1.0.0,V0,pair,1d,ADAUSDT,2023-01-01,2025-12-31,,dev,False,,,,,,0.1097490410290256,0.03532076875058143,0.0904469463029552,0.4372912626867659,0.6035255403166285,-0.1900836422204819,0.18581698213469705,2,0.0,0.0,-567.5466961350147,6.936734418177836,1.0,-113.36064558290451,,,
c2ee9acc,2026-09-24T12:58:05.894846+00:00,S02,1.0.0,V0,pair,1d,BCHUSDT,2023-01-01,2025-12-31,,dev,False,,,,,,-0.047292158878921686,-0.016019300673438153,0.07770874622173274,-0.16720037102358368,-0.29954164145085965,-0.1572889694159456,-0.10184630704188562,1,0.0,0.0,-475.9068900131227,nan,1.0,-65.40261151348078,,,
d79519d6,2026-09-24T12:58:07.408336+00:00,S02,1.0.0,V0,pair,1d,LINKUSDT,2023-01-01,2025-12-31,,dev,False,,,,,,-0.001614227078351571,-0.0005383654781591085,0.07413687532117327,0.03745071594650167,0.057439662767184076,-0.07891790067374105,-0.006821842364824119,1,0.0,0.0,-145.7068365974966,nan,1.0,-74.84720575027056,,,
c325b0a5,2026-09-24T12:58:08.924366+00:00,S02,1.0.0,V0,pair,1d,ZECUSDT,2023-01-01,2025-12-31,,dev,False,,,,,,0.31552387272492366,0.0957199723493436,0.1301287780211771,0.7663583995945313,1.4608841206145666,-0.11874533523480924,0.8060945902427674,3,0.3333333333333333,0.49203293127928716,-45.37808675567096,4.299494355295907,1.0,16.829103841257968,,,
b29a8f18,2026-09-24T12:58:09.150242+00:00,S02,1.0.0,V0,pair,1d,HYPEUSDT,2023-01-01,2025-12-31,,dev,False,,,,,,-0.008442993733951298,-0.01431875341808675,0.07180541555789993,-0.1645420841704624,-0.2276727242567994,-0.0778105197038409,-0.18402079143779249,2,0.5,4.7809730107011355,770.3451120096587,0.1590641352718934,0.9413592233009709,-7.362705879244645,,,
50824bdd,2026-09-24T12:58:31.402730+00:00,S03,1.0.0,V0,portfolio,1d,BNBUSDT;XRPUSDT;SOLUSDT;TRXUSDT;DOGEUSDT;ADAUSDT;BCHUSDT;LINKUSDT;ZECUSDT;HYPEUSDT,2023-01-01,2025-12-31,,dev,False,,,,,reports/dev/S03,0.5092595205788655,0.14706485794888957,0.27173040262197234,0.6453128878949401,0.9413243652715811,-0.3696415517995444,0.3978580255193887,0,nan,nan,nan,3.3657485285393833,1.0,-561.8718165275477,,,
14fe584f,2026-09-24T12:58:32.935908+00:00,S03,1.0.0,V0,pair,1d,BNBUSDT,2023-01-01,2025-12-31,,dev,False,,,,,,0.09351184955980507,0.030246539645291115,0.057957786431941036,0.5406481283275892,0.8517451588040303,-0.060525917523634676,0.49972872585500566,0,nan,nan,nan,nan,1.0,3.1407459461632627,,,
f496ef6f,2026-09-24T12:58:34.458858+00:00,S03,1.0.0,V0,pair,1d,XRPUSDT,2023-01-01,2025-12-31,,dev,False,,,,,,-0.02089500617671991,-0.007014084414217248,0.12372807602649136,0.005813231454038222,0.007928968185130548,-0.1855937394178434,-0.037792677900765966,3,0.0,0.0,-4098.122474781828,4.0552268566708465,1.0,-95.59131009260278,,,
8b5152c4,2026-09-24T12:58:35.955405+00:00,S03,1.0.0,V0,pair,1d,SOLUSDT,2023-01-01,2025-12-31,,dev,False,,,,,,0.21038191069726397,0.06571433651431291,0.10502916508937694,0.658780586541164,1.0444360476815089,-0.09032704845742201,0.7275155962312779,2,1.0,inf,2840.9557987251696,0.8259601361842773,1.0,-282.0604974423149,,,
14c91d53,2026-09-24T12:58:37.450659+00:00,S03,1.0.0,V0,pair,1d,TRXUSDT,2023-01-01,2025-12-31,,dev,False,,,,,,0.008149440325057489,0.0027091340731135727,0.0915167448830344,0.07162319210926726,0.13940439166546015,-0.16543878382604238,0.016375447222594472,2,0.5,202.92844918048425,931.0236321431282,1.87475519618414,1.0,-125.21995457088946,,,
1d620250,2026-09-24T12:58:38.980368+00:00,S03,1.0.0,V0,pair,1d,DOGEUSDT,2023-01-01,2025-12-31,,dev,False,,,,,,0.3179868336594178,0.09640335866379623,0.10808319057101573,0.906774730926591,1.4487837978008593,-0.13335889103903265,0.722886625051344,0,nan,nan,nan,2.2142030824731553,1.0,-176.64026075556976,,,
895f815f,2026-09-24T12:58:40.497653+00:00,S03,1.0.0,V0,pair,1d,ADAUSDT,2023-01-01,2025-12-31,,dev,False,,,,,,0.11578038900563636,0.037192994257073675,0.10115333619528352,0.4175879988797899,0.5831798664056328,-0.23393335205542942,0.15898970339321675,0,nan,nan,nan,1.972176296397785,1.0,-146.93050800353603,,,
24bc969a,2026-09-24T12:58:42.017546+00:00,S03,1.0.0,V0,pair,1d,BCHUSDT,2023-01-01,2025-12-31,,dev,False,,,,,,0.02405027103809787,0.007953333796798301,0.09979381761148186,0.13020969410570932,0.22537958270745392,-0.11842118136077173,0.06716141238760624,0,nan,nan,nan,29.404341720606944,1.0,-55.441215523994074,,,
fbd87853,2026-09-24T12:58:43.533003+00:00,S03,1.0.0,V0,pair,1d,LINKUSDT,2023-01-01,2025-12-31,,dev,False,,,,,,-0.019363394619808516,-0.006496579014961035,0.09717843757505852,-0.013636784633793185,-0.020840443354016844,-0.17109087859245597,-0.03797151004429697,0,nan,nan,nan,5.262344788987957,1.0,-96.82335156086411,,,
5b4e4e05,2026-09-24T12:58:45.041972+00:00,S03,1.0.0,V0,pair,1d,ZECUSDT,2023-01-01,2025-12-31,,dev,False,,,,,,1.1356317554964543,0.28778132650203525,0.25049639699065285,1.1330074766936251,2.011672156666717,-0.27332236210613625,1.0529007735937987,2,0.5,0.6540819030769579,-91.38992412669708,0.1655832384861939,1.0,188.55418712289185,,,
d328e776,2026-09-24T12:58:45.262111+00:00,S03,1.0.0,V0,pair,1d,HYPEUSDT,2023-01-01,2025-12-31,,dev,False,,,,,,-0.04639121275032654,-0.0776210430409402,0.08093156935258243,-0.9558426569578484,-1.2985606109559718,-0.09203491852231993,-0.8433868827961841,0,nan,nan,nan,nan,0.9087378640776699,-1.5411780205233392,,,
50e91db8,2026-09-24T12:59:12.821700+00:00,S04,1.0.0,V0,portfolio,4h,BNBUSDT;XRPUSDT;SOLUSDT;TRXUSDT;DOGEUSDT;ADAUSDT;BCHUSDT;LINKUSDT;ZECUSDT;HYPEUSDT,2023-01-01,2025-12-31,,dev,False,,,,,reports/dev/S04,0.2238166458033124,0.06964283237351321,0.26792779876514783,0.3858591861971981,0.5943824127334718,-0.3431537922323513,0.20294933044585928,1524,0.3353018372703412,1.099649030545966,37.93278256058046,0.04058537191354234,1.0,-590.4768347248536,,,
a0b540d3,2026-09-24T12:59:14.581543+00:00,S04,1.0.0,V0,pair,4h,BNBUSDT,2023-01-01,2025-12-31,,dev,False,,,,,,-0.019305259811741804,-0.006476946873594902,0.044628207172629726,-0.12331741732174213,-0.18875863087368444,-0.07503948871788124,-0.08631384600640947,229,0.3406113537117904,1.0076134256272322,2.966196642884952,0.047539015302610496,0.8071156773211567,-6.050580650872552,,,
3583bfd1,2026-09-24T12:59:16.334802+00:00,S04,1.0.0,V0,pair,4h,XRPUSDT,2023-01-01,2025-12-31,,dev,False,,,,,,0.1389908175470742,0.04433557958244405,0.0784294685025636,0.5920692853504124,1.1065179619787497,-0.0945966104385485,0.4686804249846263,217,0.2857142857142857,1.1373140747316035,43.35074324935516,0.03991390257610913,0.7855403348554033,-68.61450296378128,,,
4986800d,2026-09-24T12:59:18.103007+00:00,S04,1.0.0,V0,pair,4h,SOLUSDT,2023-01-01,2025-12-31,,dev,False,,,,,,0.015172568480891435,0.005032157739655263,0.07711672694152198,0.1041631059867152,0.16415372449754279,-0.09371625314542498,0.053695677865466626,245,0.37551020408163266,1.094127562809053,33.139220170256124,0.047605377411742526,0.8438356164383561,-175.54163755615224,,,
59287511,2026-09-24T12:59:19.928991+00:00,S04,1.0.0,V0,pair,4h,TRXUSDT,2023-01-01,2025-12-31,,dev,False,,,,,,0.08652331737856667,0.02804711102542634,0.07341156403929906,0.41213627797134433,0.8940338937917669,-0.08576880364000217,0.32700830412825416,234,0.3247863247863248,1.0485715746421513,9.491812994085848,0.08369618116634252,0.8425799086757991,-132.15191277927886,,,
c7a7289e,2026-09-24T12:59:21.690353+00:00,S04,1.0.0,V0,pair,4h,DOGEUSDT,2023-01-01,2025-12-31,,dev,False,,,,,,0.03986688190005361,0.01311617445814095,0.08535257226139442,0.19749730135253668,0.3202111996036175,-0.10030994736591037,0.13075646835199506,219,0.319634703196347,1.23379457495448,83.21170638709704,0.032187593072414054,0.8063546423135465,-89.62588153741945,,,
90bf007e,2026-09-24T12:59:23.452523+00:00,S04,1.0.0,V0,pair,4h,ADAUSDT,2023-01-01,2025-12-31,,dev,False,,,,,,0.046529739234402845,0.015275387507892813,0.07286718128168775,0.24442756341041413,0.373433839513966,-0.07445340534789924,0.20516707646232354,243,0.3374485596707819,1.075679470588779,24.618652679776385,0.04046348607479276,0.8562404870624049,-82.2496047883756,,,
22250da0,2026-09-24T12:59:25.208667+00:00,S04,1.0.0,V0,pair,4h,BCHUSDT,2023-01-01,2025-12-31,,dev,False,,,,,,-0.005304802511556184,-0.0017714035214764223,0.08699639075592629,0.02453408857910424,0.04529165679960118,-0.1721513562115924,-0.01028980288310467,244,0.3073770491803279,0.953406326847478,-7.301801596348834,0.04508578979575481,0.7840943683409437,-70.05990492509902,,,
f2cb6411,2026-09-24T12:59:26.997675+00:00,S04,1.0.0,V0,pair,4h,LINKUSDT,2023-01-01,2025-12-31,,dev,False,,,,,,-0.11591533909305429,-0.040235640551288254,0.07138153137274664,-0.5314839421791646,-0.8134564017994054,-0.12849140160962658,-0.31313877852721467,270,0.3111111111111111,0.8123064615579197,-53.831977320591356,0.046872415174240026,0.8649543378995433,-69.25080057565059,,,
864f043a,2026-09-24T12:59:28.792979+00:00,S04,1.0.0,V0,pair,4h,ZECUSDT,2023-01-01,2025-12-31,,dev,False,,,,,,-0.16368292500987858,-0.05784218554297804,0.09504936536576922,-0.5795100761263767,-0.9367931235123822,-0.2069638726642815,-0.27947962510734675,247,0.32388663967611336,0.8557032191437677,-45.61371017628439,0.03823533682652105,0.8210045662100457,-60.94208952171229,,,
ac93c88f,2026-09-24T12:59:29.062284+00:00,S04,1.0.0,V0,pair,4h,HYPEUSDT,2023-01-01,2025-12-31,,dev,False,,,,,,0.010501404954467608,0.017928260216105718,0.07547217894427642,0.27267802305536043,0.42153227218555805,-0.03551818415007668,0.504762860070565,35,0.4,1.11032786157178,38.10734795101112,0.027730813959303192,0.6495145631067961,-2.9269500090264295,,,
705b85ab,2026-09-24T12:59:50.985444+00:00,S05,1.0.0,V0,portfolio,1d,BNBUSDT;XRPUSDT;SOLUSDT;TRXUSDT;DOGEUSDT;ADAUSDT;BCHUSDT;LINKUSDT;ZECUSDT;HYPEUSDT,2023-01-01,2025-12-31,,dev,False,,,,,reports/dev/S05,2.230228082698359,0.4782381156192612,0.34669335521003936,1.3024633251881064,2.0341725559823103,-0.30954484934555226,1.544971969749665,345,0.35942028985507246,1.8114321716589106,467.566127669173,0.01641495288599583,1.0,-295.2872918225263,,,
416b6f16,2026-09-24T12:59:52.311677+00:00,S05,1.0.0,V0,pair,1d,BNBUSDT,2023-01-01,2025-12-31,,dev,False,,,,,,0.05762580320604327,0.018851007612904258,0.04785743539271649,0.4110715124541492,0.6429985593876697,-0.07870081021386766,0.23952749103442614,47,0.40425531914893614,1.2504040427325578,97.82400470459898,0.029771757939991934,0.6401826484018265,-19.973024642622832,,,
65d6871a,2026-09-24T12:59:53.651109+00:00,S05,1.0.0,V0,pair,1d,XRPUSDT,2023-01-01,2025-12-31,,dev,False,,,,,,0.021576083338838092,0.007140913752357481,0.11318311880933894,0.120529208897131,0.16130940817370945,-0.16698665934377266,0.04276337870593962,53,0.24528301886792453,1.0874780991498803,147.79006569119989,0.032362477373794836,0.6755707762557077,-89.43898829544182,,,
e7fba805,2026-09-24T12:59:55.015950+00:00,S05,1.0.0,V0,pair,1d,SOLUSDT,2023-01-01,2025-12-31,,dev,False,,,,,,0.1700933557848352,0.05375626838884706,0.08676360065186496,0.6472763862404491,1.04124205095082,-0.08941992731566573,0.6011665408659905,47,0.46808510638297873,1.8510231514257538,483.4724699501584,0.06380808149201232,0.7671232876712328,-296.1535644182063,,,
15b12be8,2026-09-24T12:59:56.440423+00:00,S05,1.0.0,V0,pair,1d,TRXUSDT,2023-01-01,2025-12-31,,dev,False,,,,,,0.08156253035742211,0.026480123896747365,0.07900779336150533,0.36873361607457006,0.7466347686506147,-0.09284156736584703,0.28521840645366375,44,0.4090909090909091,1.417413022569307,116.5925010717186,0.06723438598569725,0.6584474885844749,-78.9365190538418,,,
042fe070,2026-09-24T12:59:57.815738+00:00,S05,1.0.0,V0,pair,1d,DOGEUSDT,2023-01-01,2025-12-31,,dev,False,,,,,,0.32886691785807876,0.09941205987285318,0.0928929624478444,1.0683562421150883,1.7503541967429699,-0.09948781711659815,0.9992385274303869,50,0.46,2.3059828114282017,556.4350617978291,0.03806728339831647,0.7753424657534247,-153.6963723585145,,,
1e88755b,2026-09-24T12:59:59.182868+00:00,S05,1.0.0,V0,pair,1d,ADAUSDT,2023-01-01,2025-12-31,,dev,False,,,,,,0.15158716353132462,0.04817131846005296,0.0864986743694458,0.5944528410018997,0.8104600758023406,-0.1679499981490573,0.28681940453074867,51,0.39215686274509803,1.44843982460412,287.2558659490155,0.03783251814214124,0.7844748858447489,-125.29922382148267,,,
0a5c163d,2026-09-24T13:00:00.541023+00:00,S05,1.0.0,V0,pair,1d,BCHUSDT,2023-01-01,2025-12-31,,dev,False,,,,,,-0.012242878136218716,-0.004097727816505303,0.07963200653818049,-0.010326958638465524,-0.018533213488769313,-0.11266550344185966,-0.03637074074425905,50,0.28,1.1098966824490246,86.94942673470469,0.03171108378403555,0.6885844748858447,-61.92411750603443,,,
9b8a7095,2026-09-24T13:00:01.879809+00:00,S05,1.0.0,V0,pair,1d,LINKUSDT,2023-01-01,2025-12-31,,dev,False,,,,,,-0.051087686153927225,-0.017327745250577342,0.07852384665675743,-0.17619361665629885,-0.27212944493631974,-0.11732944835472348,-0.14768453694753741,54,0.35185185185185186,0.8444530936003322,-86.86948192286984,0.04342914307412753,0.6904109589041096,-80.26158235097343,,,
e747edcf,2026-09-24T13:00:03.224843+00:00,S05,1.0.0,V0,pair,1d,ZECUSDT,2023-01-01,2025-12-31,,dev,False,,,,,,1.0378017377052888,0.26780942515175754,0.2335802332720897,1.1310154508652563,2.0132821402962597,-0.2648953384484829,1.0110008983938439,53,0.4339622641509434,4.189876739445959,2156.504019156742,-0.01310242309496772,0.7214611872146118,234.52899896824783,,,
a4c1dc7b,2026-09-24T13:00:03.421914+00:00,S05,1.0.0,V0,pair,1d,HYPEUSDT,2023-01-01,2025-12-31,,dev,False,,,,,,-0.06449406366857657,-0.10720649749000077,0.0613892856064948,-1.8126259617075968,-2.2797909442700663,-0.10517975046391859,-1.0192693652261273,8,0.125,0.2517256101235117,-814.5999356466837,0.04129674128962522,0.5079611650485437,-1.782525205381372,,,
e950b5e8,2026-09-24T14:10:00.558537+00:00,S01,1.0.0,V0,portfolio,1d,BNBUSDT;XRPUSDT;SOLUSDT;TRXUSDT;DOGEUSDT;ADAUSDT;BCHUSDT;LINKUSDT;ZECUSDT,2023-01-01,2025-12-31,,dev,False,,,,,reports/dev/S01,0.23819067662951166,0.07381428352422703,0.06468840686571305,1.1330160669352394,1.991537439581615,-0.054916857200278946,1.344109755862943,189,0.10582010582010581,0.2236538783667321,-494.9078335627458,0.622960506994938,1.0,-135.94972478555434,,,
9ed7d69f,2026-09-24T14:10:01.972455+00:00,S01,1.0.0,V0,pair,1d,BNBUSDT,2023-01-01,2025-12-31,,dev,False,,,,,,0.04864906858892715,0.015960270765517315,0.01716675596395087,0.9309715954497305,1.5490702586641316,-0.017947481878686555,0.889276327085799,33,0.06060606060606061,0.02998419848997092,-565.4013216126788,0.5096454829227162,1.0,12.457303224569811,,,
4856dad8,2026-09-24T14:10:03.326275+00:00,S01,1.0.0,V0,pair,1d,XRPUSDT,2023-01-01,2025-12-31,,dev,False,,,,,,0.04930634446955229,0.016172488794495843,0.01578047792165271,1.0245335913830445,2.0648578075016717,-0.013240845413799551,1.2214090784294593,45,0.06666666666666667,0.030123286211765767,-598.912526413644,3.1572131325084984,0.8666666666666667,-26.02793276853524,,,
93fed3fc,2026-09-24T14:10:04.735310+00:00,S01,1.0.0,V0,pair,1d,SOLUSDT,2023-01-01,2025-12-31,,dev,False,,,,,,0.06534771889003466,0.021324601941816068,0.01706426300131539,1.245078429490438,2.2247305557511736,-0.014736827854748724,1.4470279596123892,15,0.13333333333333333,1.8819253452709497,296.4227734502591,0.3481492119498298,1.0,-43.81308407153467,,,
b793acd9,2026-09-24T14:10:06.155119+00:00,S01,1.0.0,V0,pair,1d,TRXUSDT,2023-01-01,2025-12-31,,dev,False,,,,,,0.10442431780666106,0.03366224447844157,0.03524531671312211,0.9565467462488356,3.2075250218831672,-0.014216934242965995,2.3677569230578936,31,0.16129032258064516,0.5122970278211277,-329.10372855365256,0.4286348840592473,0.9945205479452055,-19.703286912308016,,,
038ca854,2026-09-24T14:10:07.503726+00:00,S01,1.0.0,V0,pair,1d,DOGEUSDT,2023-01-01,2025-12-31,,dev,False,,,,,,0.035246847877180576,0.011613552564787133,0.015696562174458237,0.7434618458502514,1.2968875019821613,-0.01947339841641549,0.5963803706186824,37,0.08108108108108109,0.11922866496304901,-652.3134157160168,1.6932779326333305,0.7835616438356164,-37.565356819402474,,,
f14a9829,2026-09-24T14:10:08.850018+00:00,S01,1.0.0,V0,pair,1d,ADAUSDT,2023-01-01,2025-12-31,,dev,False,,,,,,0.04721497891951132,0.015496930885185778,0.01867892775298108,0.831668236699104,1.407001443649091,-0.02998076739558786,0.516895737881159,31,0.03225806451612903,0.011872715382145163,-862.6621618494174,9.72660829299056,0.8410958904109589,-42.50111522436664,,,
470ea79b,2026-09-24T14:10:10.206598+00:00,S01,1.0.0,V0,pair,1d,BCHUSDT,2023-01-01,2025-12-31,,dev,False,,,,,,0.033269982737568204,0.01096923027900698,0.01899027483366166,0.5839205857549303,1.3160990225490525,-0.02418041912100244,0.45364103178341575,33,0.12121212121212122,0.3228459112760501,-298.29244231934285,0.14140196717168693,0.8949771689497716,2.291554577201979,,,
6715246a,2026-09-24T14:10:11.539247+00:00,S01,1.0.0,V0,pair,1d,LINKUSDT,2023-01-01,2025-12-31,,dev,False,,,,,,0.03174662170627074,0.01047215832191739,0.016461422531180957,0.6410821498474352,1.0983064531380522,-0.015275453038505638,0.685554680147271,42,0.11904761904761904,0.09006519600570953,-606.9853145853559,1.3712964363013143,0.7534246575342466,-39.148888279989286,,,
88541429,2026-09-24T14:10:12.920527+00:00,S01,1.0.0,V0,pair,1d,ZECUSDT,2023-01-01,2025-12-31,,dev,False,,,,,,0.07323948707878603,0.0238402864840932,0.021604287812166424,1.1012786636748497,2.329955138066295,-0.014651980027373779,1.6271033975990432,35,0.05714285714285714,0.23238223751000825,-559.9807804347988,0.5313013444838363,0.8621004566210045,-17.557493117928278,,,
6053baa0,2026-09-24T14:10:34.346246+00:00,S01b,1.0.0,V0,portfolio,1d,BNBUSDT;XRPUSDT;SOLUSDT;TRXUSDT;DOGEUSDT;ADAUSDT;BCHUSDT;LINKUSDT;ZECUSDT,2023-01-01,2025-12-31,,dev,False,,,,,reports/dev/S01b,0.20801834516035012,0.06502019553945937,0.06693899119063171,0.9785333854766427,1.6916252172410968,-0.08257915177644126,0.7873681690928771,364,0.09340659340659341,0.18778064433415076,-854.5594923876796,0.40072871512697866,1.0,-120.07400125790303,,,
afd51b80,2026-09-24T14:10:35.856029+00:00,S01b,1.0.0,V0,pair,1d,BNBUSDT,2023-01-01,2025-12-31,,dev,False,,,,,,0.02458354845435129,0.008128268396160765,0.01725296738475783,0.4763853283728261,0.7752896281162275,-0.030124939394291395,0.2698185808699437,76,0.05263157894736842,0.029647518987762755,-680.820531420568,3.3825207089578826,1.0,0.7587742342535497,,,
7a421579,2026-09-24T14:10:37.335352+00:00,S01b,1.0.0,V0,pair,1d,XRPUSDT,2023-01-01,2025-12-31,,dev,False,,,,,,0.010242963738579913,0.003402729544925265,0.017825551692110676,0.1994836227840175,0.3180630590672658,-0.03555091584541126,0.09571425838146087,100,0.11,0.136100294831388,-765.0926130008728,0.35692525029933403,1.0,-13.027009040374931,,,
d7352301,2026-09-24T14:10:38.827225+00:00,S01b,1.0.0,V0,pair,1d,SOLUSDT,2023-01-01,2025-12-31,,dev,False,,,,,,0.03532287312351334,0.01163831518931846,0.017299806971956055,0.6778020936218357,1.1605702206361146,-0.024592253102409534,0.47325127717468657,85,0.11764705882352941,0.42165541325607797,-687.4602152820792,0.3399993750483945,1.0,-65.85765845647187,,,
d3233a2c,2026-09-24T14:10:40.332442+00:00,S01b,1.0.0,V0,pair,1d,TRXUSDT,2023-01-01,2025-12-31,,dev,False,,,,,,0.08543186314399098,0.02770275814498313,0.03515968696787959,0.7951835301544082,2.7115521582815214,-0.01315637152212934,2.1056533785463882,93,0.10752688172043011,0.26821869181781355,-363.0161296650894,0.699177440876801,1.0,-44.210154357809365,,,
7ffb9d03,2026-09-24T14:10:41.813864+00:00,S01b,1.0.0,V0,pair,1d,DOGEUSDT,2023-01-01,2025-12-31,,dev,False,,,,,,0.01832662060302015,0.00607193057279054,0.015851514987274967,0.3911145485339629,0.6482610322249588,-0.022743066443682625,0.2669794149274514,68,0.08823529411764706,0.04717769213548429,-1055.3609615675482,0.8414624788635858,1.0,-23.32744679030446,,,
f0fb9504,2026-09-24T14:10:43.301784+00:00,S01b,1.0.0,V0,pair,1d,ADAUSDT,2023-01-01,2025-12-31,,dev,False,,,,,,0.014473095938303038,0.0048012761665297,0.018440758055923667,0.2822547388592716,0.40895146662811915,-0.03898812630335102,0.12314713790483005,64,0.078125,0.048410988900538084,-1743.1510746654853,0.48532561774671623,1.0,-26.732352036865283,,,
2e05fde0,2026-09-24T14:10:44.767836+00:00,S01b,1.0.0,V0,pair,1d,BCHUSDT,2023-01-01,2025-12-31,,dev,False,,,,,,-0.005085808293973981,-0.0016981515175709117,0.019445449999187882,-0.07588960835029782,-0.15624628702093338,-0.03252268068725783,-0.05221437721879538,86,0.06976744186046512,0.06566088622058044,-883.7554649898681,0.8716801255554257,1.0,-11.88568314447478,,,
0f5c8345,2026-09-24T14:10:46.266332+00:00,S01b,1.0.0,V0,pair,1d,LINKUSDT,2023-01-01,2025-12-31,,dev,False,,,,,,0.002062852289672623,0.0006871451532797224,0.01671400107642129,0.05905964046292968,0.0939323432257044,-0.019287437414127306,0.035626565547604315,77,0.06493506493506493,0.07749206770777407,-942.2232953840744,1.0603668348834516,1.0,-24.246155036225378,,,
6322fa32,2026-09-24T14:10:47.724760+00:00,S01b,1.0.0,V0,pair,1d,ZECUSDT,2023-01-01,2025-12-31,,dev,False,,,,,,0.057526091684298564,0.018818987977703205,0.02657850352573883,0.7149701260827541,1.2607902373406776,-0.029005513099288116,0.6488072771987985,68,0.10294117647058823,0.22498306888450692,-795.4540331007757,0.23206451714994486,1.0,-0.9056105035020792,,,
ea22c497,2026-09-24T14:11:09.437578+00:00,S02,1.0.0,V0,portfolio,1d,BNBUSDT;XRPUSDT;SOLUSDT;TRXUSDT;DOGEUSDT;ADAUSDT;BCHUSDT;LINKUSDT;ZECUSDT;HYPEUSDT,2023-01-01,2025-12-31,,dev,False,,,,,reports/dev/S02,0.18345138482720724,0.057751071788656905,0.23492217121640435,0.3639848803116561,0.525759666126669,-0.2975691807641454,0.19407611917455475,919,0.176278563656148,0.13995717953701228,-399.2696955828258,0.55825158747908,1.0,-385.16490242149786,,,
afa7e808,2026-09-24T14:11:10.931611+00:00,S02,1.0.0,V0,pair,1d,BNBUSDT,2023-01-01,2025-12-31,,dev,False,,,,,,-0.019937719983509683,-0.006690570564000353,0.04484177619633264,-0.12608357228100012,-0.18862922869709423,-0.09846247843558165,-0.06795045859400756,197,0.14720812182741116,0.1478973003376517,-302.66528372790276,0.6053626588703316,1.0,-2.555915415865836,,,
15df5017,2026-09-24T14:11:12.427627+00:00,S02,1.0.0,V0,pair,1d,XRPUSDT,2023-01-01,2025-12-31,,dev,False,,,,,,0.14722733286098988,0.046846877197940895,0.09854423334258071,0.5135802894710522,0.8392638169962606,-0.17766840411660634,0.2636759047331489,188,0.2127659574468085,0.11638862526476818,-400.567818851644,0.70047993924394,1.0,-95.64695523556713,,,
1b344d65,2026-09-24T14:11:13.924258+00:00,S02,1.0.0,V0,pair,1d,SOLUSDT,2023-01-01,2025-12-31,,dev,False,,,,,,0.24965184073532543,0.07711732420952555,0.08789897461888027,0.8895066290301388,1.4689064139591865,-0.06336859236291159,1.2169644509045592,183,0.22404371584699453,0.14966116262797957,-398.18304821177713,0.6617998564043821,1.0,-293.02875150301884,,,
48b26cc6,2026-09-24T14:11:15.416599+00:00,S02,1.0.0,V0,pair,1d,TRXUSDT,2023-01-01,2025-12-31,,dev,False,,,,,,0.018186737986071844,0.00602586204689648,0.07059884141548055,0.12003663019085327,0.23045443144072864,-0.11745809867633228,0.051302227047803274,197,0.15228426395939088,0.18766201675954322,-196.55379976203142,0.7128910161363983,1.0,-100.49347506527485,,,
23895f91,2026-09-24T14:11:16.914904+00:00,S02,1.0.0,V0,pair,1d,DOGEUSDT,2023-01-01,2025-12-31,,dev,False,,,,,,0.19801890813972456,0.06207346256671631,0.07941856537054544,0.8003069773598811,1.3006860744053936,-0.08257165132802524,0.7517527089306043,172,0.20930232558139536,0.194046073354773,-317.7560622487888,0.509918568579335,1.0,-120.87251532726535,,,
fabae1cb,2026-09-24T14:11:18.448785+00:00,S02,1.0.0,V0,pair,1d,ADAUSDT,2023-01-01,2025-12-31,,dev,False,,,,,,0.1097490410290256,0.03532076875058143,0.0904469463029552,0.4372912626867659,0.6035255403166285,-0.1900836422204819,0.18581698213469705,167,0.17365269461077845,0.13213387096750617,-462.8979859516524,0.5203534660539663,1.0,-113.36064558290448,,,
28e42ef3,2026-09-24T14:11:19.950159+00:00,S02,1.0.0,V0,pair,1d,BCHUSDT,2023-01-01,2025-12-31,,dev,False,,,,,,-0.047292158878921686,-0.016019300673438153,0.07770874622173274,-0.16720037102358368,-0.29954164145085965,-0.1572889694159456,-0.10184630704188562,200,0.165,0.10422215445183912,-441.06211542248974,0.7387224809701793,1.0,-65.40261151348085,,,
b49d2381,2026-09-24T14:11:21.442793+00:00,S02,1.0.0,V0,pair,1d,LINKUSDT,2023-01-01,2025-12-31,,dev,False,,,,,,-0.001614227078351571,-0.0005383654781591085,0.07413687532117327,0.03745071594650167,0.057439662767184076,-0.07891790067374105,-0.006821842364824119,180,0.18333333333333332,0.17693463360353243,-466.1093218924576,0.4068664829545524,1.0,-74.84720575027073,,,
a1c89762,2026-09-24T14:11:22.919493+00:00,S02,1.0.0,V0,pair,1d,ZECUSDT,2023-01-01,2025-12-31,,dev,False,,,,,,0.31552387272492366,0.0957199723493436,0.1301287780211771,0.7663583995945313,1.4608841206145666,-0.11874533523480924,0.8060945902427674,164,0.18902439024390244,0.20409802788700673,-405.461008164233,0.2880586332544585,1.0,16.82910384125782,,,
00b5d38c,2026-09-24T14:11:23.143425+00:00,S02,1.0.0,V0,pair,1d,HYPEUSDT,2023-01-01,2025-12-31,,dev,False,,,,,,-0.008442993733951298,-0.01431875341808675,0.07180541555789993,-0.1645420841704624,-0.2276727242567994,-0.0778105197038409,-0.18402079143779249,28,0.2857142857142857,0.3807342290360331,-450.56079372163816,0.1209638607760249,0.9413592233009709,-7.362705879244654,,,
7fc5d63d,2026-09-24T14:11:44.884171+00:00,S03,1.0.0,V0,portfolio,1d,BNBUSDT;XRPUSDT;SOLUSDT;TRXUSDT;DOGEUSDT;ADAUSDT;BCHUSDT;LINKUSDT;ZECUSDT;HYPEUSDT,2023-01-01,2025-12-31,,dev,False,,,,,reports/dev/S03,0.5092595205788655,0.14706485794888957,0.27173040262197234,0.6453128878949401,0.9413243652715811,-0.3696415517995444,0.3978580255193887,808,0.26485148514851486,1.1447430716873437,73.00661121046373,0.04799549052694593,1.0,-561.8718165275476,,,
13112c71,2026-09-24T14:11:46.406814+00:00,S03,1.0.0,V0,pair,1d,BNBUSDT,2023-01-01,2025-12-31,,dev,False,,,,,,0.09351184955980507,0.030246539645291115,0.057957786431941036,0.5406481283275892,0.8517451588040303,-0.060525917523634676,0.49972872585500566,149,0.2550335570469799,1.3076913945863506,66.73814556485246,0.05017199786477763,1.0,3.140745946163299,,,
45fa36f2,2026-09-24T14:11:47.890779+00:00,S03,1.0.0,V0,pair,1d,XRPUSDT,2023-01-01,2025-12-31,,dev,False,,,,,,-0.02089500617671991,-0.007014084414217248,0.12372807602649136,0.005813231454038222,0.007928968185130548,-0.1855937394178434,-0.037792677900765966,171,0.22807017543859648,1.0020712971501142,32.859099669495144,0.04932600825999878,1.0,-95.59131009260287,,,
e3254f3e,2026-09-24T14:11:49.368020+00:00,S03,1.0.0,V0,pair,1d,SOLUSDT,2023-01-01,2025-12-31,,dev,False,,,,,,0.21038191069726397,0.06571433651431291,0.10502916508937694,0.658780586541164,1.0444360476815089,-0.09032704845742201,0.7275155962312779,158,0.25949367088607594,1.2685588883430325,124.53107032323797,0.05531496515300718,1.0,-282.06049744231456,,,
044123cf,2026-09-24T14:11:50.847939+00:00,S03,1.0.0,V0,pair,1d,TRXUSDT,2023-01-01,2025-12-31,,dev,False,,,,,,0.008149440325057489,0.0027091340731135727,0.0915167448830344,0.07162319210926726,0.13940439166546015,-0.16543878382604238,0.016375447222594472,182,0.21978021978021978,0.884595414634116,-20.07832002905386,0.11232434894132728,1.0,-125.2199545708895,,,
5eb80005,2026-09-24T14:11:52.332256+00:00,S03,1.0.0,V0,pair,1d,DOGEUSDT,2023-01-01,2025-12-31,,dev,False,,,,,,0.3179868336594178,0.09640335866379623,0.10808319057101573,0.906774730926591,1.4487837978008593,-0.13335889103903265,0.722886625051344,154,0.2727272727272727,1.5462745505382924,203.03619896289433,0.04394705757367821,1.0,-176.64026075556973,,,
d872f46a,2026-09-24T14:11:53.838920+00:00,S03,1.0.0,V0,pair,1d,ADAUSDT,2023-01-01,2025-12-31,,dev,False,,,,,,0.11578038900563636,0.037192994257073675,0.10115333619528352,0.4175879988797899,0.5831798664056328,-0.23393335205542942,0.15898970339321675,160,0.26875,1.2390114721324181,111.75199251864993,0.04511803946426074,1.0,-146.93050800353623,,,
860ced34,2026-09-24T14:11:55.327744+00:00,S03,1.0.0,V0,pair,1d,BCHUSDT,2023-01-01,2025-12-31,,dev,False,,,,,,0.02405027103809787,0.007953333796798301,0.09979381761148186,0.13020969410570932,0.22537958270745392,-0.11842118136077173,0.06716141238760624,171,0.2631578947368421,1.050708008823832,28.01341215637336,0.04795104288634381,1.0,-55.4412155239941,,,
c9f6bd6f,2026-09-24T14:11:56.811926+00:00,S03,1.0.0,V0,pair,1d,LINKUSDT,2023-01-01,2025-12-31,,dev,False,,,,,,-0.019363394619808516,-0.006496579014961035,0.09717843757505852,-0.013636784633793185,-0.020840443354016844,-0.17109087859245597,-0.03797151004429697,174,0.26436781609195403,0.910398818558665,-28.119705477688893,0.05497731173037225,1.0,-96.82335156086417,,,
6c0cd9b7,2026-09-24T14:11:58.274857+00:00,S03,1.0.0,V0,pair,1d,ZECUSDT,2023-01-01,2025-12-31,,dev,False,,,,,,1.1356317554964543,0.28778132650203525,0.25049639699065285,1.1330074766936251,2.011672156666717,-0.27332236210613625,1.0529007735937987,179,0.2681564245810056,2.5450909448004873,695.6325271564344,0.0040207160534307,1.0,188.55418712289188,,,
13bd7ef7,2026-09-24T14:11:58.499596+00:00,S03,1.0.0,V0,pair,1d,HYPEUSDT,2023-01-01,2025-12-31,,dev,False,,,,,,-0.04639121275032654,-0.0776210430409402,0.08093156935258243,-0.9558426569578484,-1.2985606109559718,-0.09203491852231993,-0.8433868827961841,24,0.25,0.5805207672820385,-190.25041482729026,0.05250270608671696,0.9087378640776699,-1.5411780205233372,,,
8e732185,2026-09-24T14:12:25.794307+00:00,S04,1.0.0,V0,portfolio,4h,BNBUSDT;XRPUSDT;SOLUSDT;TRXUSDT;DOGEUSDT;ADAUSDT;BCHUSDT;LINKUSDT;ZECUSDT;HYPEUSDT,2023-01-01,2025-12-31,,dev,False,,,,,reports/dev/S04,0.2238166458033124,0.06964283237351321,0.26792779876514783,0.3858591861971981,0.5943824127334718,-0.3431537922323513,0.20294933044585928,1524,0.3353018372703412,1.099649030545966,37.93278256058046,0.04058537191354234,1.0,-590.4768347248536,,,
ab1ad5b5,2026-09-24T14:12:27.526024+00:00,S04,1.0.0,V0,pair,4h,BNBUSDT,2023-01-01,2025-12-31,,dev,False,,,,,,-0.019305259811741804,-0.006476946873594902,0.044628207172629726,-0.12331741732174213,-0.18875863087368444,-0.07503948871788124,-0.08631384600640947,229,0.3406113537117904,1.0076134256272322,2.966196642884952,0.047539015302610496,0.8071156773211567,-6.050580650872552,,,
85b35ebd,2026-09-24T14:12:29.238970+00:00,S04,1.0.0,V0,pair,4h,XRPUSDT,2023-01-01,2025-12-31,,dev,False,,,,,,0.1389908175470742,0.04433557958244405,0.0784294685025636,0.5920692853504124,1.1065179619787497,-0.0945966104385485,0.4686804249846263,217,0.2857142857142857,1.1373140747316035,43.35074324935516,0.03991390257610913,0.7855403348554033,-68.61450296378128,,,
1e1ad6c9,2026-09-24T14:12:30.971737+00:00,S04,1.0.0,V0,pair,4h,SOLUSDT,2023-01-01,2025-12-31,,dev,False,,,,,,0.015172568480891435,0.005032157739655263,0.07711672694152198,0.1041631059867152,0.16415372449754279,-0.09371625314542498,0.053695677865466626,245,0.37551020408163266,1.094127562809053,33.139220170256124,0.047605377411742526,0.8438356164383561,-175.54163755615224,,,
a2828482,2026-09-24T14:12:32.700983+00:00,S04,1.0.0,V0,pair,4h,TRXUSDT,2023-01-01,2025-12-31,,dev,False,,,,,,0.08652331737856667,0.02804711102542634,0.07341156403929906,0.41213627797134433,0.8940338937917669,-0.08576880364000217,0.32700830412825416,234,0.3247863247863248,1.0485715746421513,9.491812994085848,0.08369618116634252,0.8425799086757991,-132.15191277927886,,,
5a4b6f90,2026-09-24T14:12:34.424254+00:00,S04,1.0.0,V0,pair,4h,DOGEUSDT,2023-01-01,2025-12-31,,dev,False,,,,,,0.03986688190005361,0.01311617445814095,0.08535257226139442,0.19749730135253668,0.3202111996036175,-0.10030994736591037,0.13075646835199506,219,0.319634703196347,1.23379457495448,83.21170638709704,0.032187593072414054,0.8063546423135465,-89.62588153741945,,,
8e057a01,2026-09-24T14:12:36.222292+00:00,S04,1.0.0,V0,pair,4h,ADAUSDT,2023-01-01,2025-12-31,,dev,False,,,,,,0.046529739234402845,0.015275387507892813,0.07286718128168775,0.24442756341041413,0.373433839513966,-0.07445340534789924,0.20516707646232354,243,0.3374485596707819,1.075679470588779,24.618652679776385,0.04046348607479276,0.8562404870624049,-82.2496047883756,,,
fff86d07,2026-09-24T14:12:37.963373+00:00,S04,1.0.0,V0,pair,4h,BCHUSDT,2023-01-01,2025-12-31,,dev,False,,,,,,-0.005304802511556184,-0.0017714035214764223,0.08699639075592629,0.02453408857910424,0.04529165679960118,-0.1721513562115924,-0.01028980288310467,244,0.3073770491803279,0.953406326847478,-7.301801596348834,0.04508578979575481,0.7840943683409437,-70.05990492509902,,,
6c0fff42,2026-09-24T14:12:39.723352+00:00,S04,1.0.0,V0,pair,4h,LINKUSDT,2023-01-01,2025-12-31,,dev,False,,,,,,-0.11591533909305429,-0.040235640551288254,0.07138153137274664,-0.5314839421791646,-0.8134564017994054,-0.12849140160962658,-0.31313877852721467,270,0.3111111111111111,0.8123064615579197,-53.831977320591356,0.046872415174240026,0.8649543378995433,-69.25080057565059,,,
492c4d61,2026-09-24T14:12:41.454854+00:00,S04,1.0.0,V0,pair,4h,ZECUSDT,2023-01-01,2025-12-31,,dev,False,,,,,,-0.16368292500987858,-0.05784218554297804,0.09504936536576922,-0.5795100761263767,-0.9367931235123822,-0.2069638726642815,-0.27947962510734675,247,0.32388663967611336,0.8557032191437677,-45.61371017628439,0.03823533682652105,0.8210045662100457,-60.94208952171229,,,
04080f76,2026-09-24T14:12:41.719980+00:00,S04,1.0.0,V0,pair,4h,HYPEUSDT,2023-01-01,2025-12-31,,dev,False,,,,,,0.010501404954467608,0.017928260216105718,0.07547217894427642,0.27267802305536043,0.42153227218555805,-0.03551818415007668,0.504762860070565,35,0.4,1.11032786157178,38.10734795101112,0.027730813959303192,0.6495145631067961,-2.9269500090264295,,,
e1543b2a,2026-09-24T14:13:03.222907+00:00,S05,1.0.0,V0,portfolio,1d,BNBUSDT;XRPUSDT;SOLUSDT;TRXUSDT;DOGEUSDT;ADAUSDT;BCHUSDT;LINKUSDT;ZECUSDT;HYPEUSDT,2023-01-01,2025-12-31,,dev,False,,,,,reports/dev/S05,2.230228082698359,0.4782381156192612,0.34669335521003936,1.3024633251881064,2.0341725559823103,-0.30954484934555226,1.544971969749665,345,0.35942028985507246,1.8114321716589106,467.566127669173,0.01641495288599583,1.0,-295.2872918225263,,,
f2487cc2,2026-09-24T14:13:04.530268+00:00,S05,1.0.0,V0,pair,1d,BNBUSDT,2023-01-01,2025-12-31,,dev,False,,,,,,0.05762580320604327,0.018851007612904258,0.04785743539271649,0.4110715124541492,0.6429985593876697,-0.07870081021386766,0.23952749103442614,47,0.40425531914893614,1.2504040427325578,97.82400470459898,0.029771757939991934,0.6401826484018265,-19.973024642622832,,,
4ab95032,2026-09-24T14:13:05.842329+00:00,S05,1.0.0,V0,pair,1d,XRPUSDT,2023-01-01,2025-12-31,,dev,False,,,,,,0.021576083338838092,0.007140913752357481,0.11318311880933894,0.120529208897131,0.16130940817370945,-0.16698665934377266,0.04276337870593962,53,0.24528301886792453,1.0874780991498803,147.79006569119989,0.032362477373794836,0.6755707762557077,-89.43898829544182,,,
66aaf0fb,2026-09-24T14:13:07.180050+00:00,S05,1.0.0,V0,pair,1d,SOLUSDT,2023-01-01,2025-12-31,,dev,False,,,,,,0.1700933557848352,0.05375626838884706,0.08676360065186496,0.6472763862404491,1.04124205095082,-0.08941992731566573,0.6011665408659905,47,0.46808510638297873,1.8510231514257538,483.4724699501584,0.06380808149201232,0.7671232876712328,-296.1535644182063,,,
084a7614,2026-09-24T14:13:08.487911+00:00,S05,1.0.0,V0,pair,1d,TRXUSDT,2023-01-01,2025-12-31,,dev,False,,,,,,0.08156253035742211,0.026480123896747365,0.07900779336150533,0.36873361607457006,0.7466347686506147,-0.09284156736584703,0.28521840645366375,44,0.4090909090909091,1.417413022569307,116.5925010717186,0.06723438598569725,0.6584474885844749,-78.9365190538418,,,
bfb17e69,2026-09-24T14:13:09.833952+00:00,S05,1.0.0,V0,pair,1d,DOGEUSDT,2023-01-01,2025-12-31,,dev,False,,,,,,0.32886691785807876,0.09941205987285318,0.0928929624478444,1.0683562421150883,1.7503541967429699,-0.09948781711659815,0.9992385274303869,50,0.46,2.3059828114282017,556.4350617978291,0.03806728339831647,0.7753424657534247,-153.6963723585145,,,
52a2ddb1,2026-09-24T14:13:11.216223+00:00,S05,1.0.0,V0,pair,1d,ADAUSDT,2023-01-01,2025-12-31,,dev,False,,,,,,0.15158716353132462,0.04817131846005296,0.0864986743694458,0.5944528410018997,0.8104600758023406,-0.1679499981490573,0.28681940453074867,51,0.39215686274509803,1.44843982460412,287.2558659490155,0.03783251814214124,0.7844748858447489,-125.29922382148267,,,
7c5ed0aa,2026-09-24T14:13:12.535705+00:00,S05,1.0.0,V0,pair,1d,BCHUSDT,2023-01-01,2025-12-31,,dev,False,,,,,,-0.012242878136218716,-0.004097727816505303,0.07963200653818049,-0.010326958638465524,-0.018533213488769313,-0.11266550344185966,-0.03637074074425905,50,0.28,1.1098966824490246,86.94942673470469,0.03171108378403555,0.6885844748858447,-61.92411750603443,,,
adccaca4,2026-09-24T14:13:13.875396+00:00,S05,1.0.0,V0,pair,1d,LINKUSDT,2023-01-01,2025-12-31,,dev,False,,,,,,-0.051087686153927225,-0.017327745250577342,0.07852384665675743,-0.17619361665629885,-0.27212944493631974,-0.11732944835472348,-0.14768453694753741,54,0.35185185185185186,0.8444530936003322,-86.86948192286984,0.04342914307412753,0.6904109589041096,-80.26158235097343,,,
1349df98,2026-09-24T14:13:15.226226+00:00,S05,1.0.0,V0,pair,1d,ZECUSDT,2023-01-01,2025-12-31,,dev,False,,,,,,1.0378017377052888,0.26780942515175754,0.2335802332720897,1.1310154508652563,2.0132821402962597,-0.2648953384484829,1.0110008983938439,53,0.4339622641509434,4.189876739445959,2156.504019156742,-0.01310242309496772,0.7214611872146118,234.52899896824783,,,
b21dd2c4,2026-09-24T14:13:15.420268+00:00,S05,1.0.0,V0,pair,1d,HYPEUSDT,2023-01-01,2025-12-31,,dev,False,,,,,,-0.06449406366857657,-0.10720649749000077,0.0613892856064948,-1.8126259617075968,-2.2797909442700663,-0.10517975046391859,-1.0192693652261273,8,0.125,0.2517256101235117,-814.5999356466837,0.04129674128962522,0.5079611650485437,-1.782525205381372,,,
ea500f54,2026-09-24T14:23:03.307695+00:00,S06,1.0.0,V0,portfolio,4h,BNBUSDT;XRPUSDT;SOLUSDT;TRXUSDT;DOGEUSDT;ADAUSDT;BCHUSDT;LINKUSDT;ZECUSDT;HYPEUSDT,2023-01-01,2025-12-31,,dev,False,,,,,reports/dev/S06,0.09090455506428974,0.02942707165911984,0.2855993330178051,0.25002755388819115,0.36491003122777066,-0.2766343909900565,0.10637531925731383,963,0.39460020768431986,1.0886222672965173,47.41728185910052,0.04224719128740185,1.0,-359.3943574989053,,,
5a31397d,2026-09-24T14:23:05.218731+00:00,S06,1.0.0,V0,pair,4h,BNBUSDT,2023-01-01,2025-12-31,,dev,False,,,,,,-0.023419456579650277,-0.007868232233359196,0.05562827868220895,-0.11661447581414926,-0.16787841767837203,-0.08892600764075442,-0.088480664342264,189,0.3968253968253968,1.1055338895742581,29.096517939240005,0.05041146804247448,1.0,0.18316173656681417,,,
632bd761,2026-09-24T14:23:07.063412+00:00,S06,1.0.0,V0,pair,4h,XRPUSDT,2023-01-01,2025-12-31,,dev,False,,,,,,-0.189450572432594,-0.06761953051735381,0.07275233947850263,-0.9256042807592018,-1.1106269077709683,-0.23348958321741453,-0.2896040567873629,8,0.625,0.2836985298234418,-1753.8257319469594,-0.15357613253629576,1.0,156.01396648316697,,,
1f4ab51d,2026-09-24T14:23:08.905624+00:00,S06,1.0.0,V0,pair,4h,SOLUSDT,2023-01-01,2025-12-31,,dev,False,,,,,,0.24096295641461496,0.0746151011204863,0.10564080790240615,0.7342302884352816,1.180959596907277,-0.10634197550164304,0.7016523886123731,195,0.38461538461538464,1.3065253497473654,143.75227840005232,0.04084705871305932,1.0,-187.08044217015305,,,
b2f9047a,2026-09-24T14:23:10.759079+00:00,S06,1.0.0,V0,pair,4h,TRXUSDT,2023-01-01,2025-12-31,,dev,False,,,,,,-0.045883584710845526,-0.01553460248791938,0.07722868233384321,-0.16317514960948945,-0.30565617972501813,-0.1387452862506573,-0.11196490279211764,221,0.3438914027149321,0.7688798798674708,-56.02921410952612,0.09430651153176772,1.0,-118.55625849949789,,,
8b4fd1fc,2026-09-24T14:23:12.604243+00:00,S06,1.0.0,V0,pair,4h,DOGEUSDT,2023-01-01,2025-12-31,,dev,False,,,,,,0.17128837507661077,0.054114880976347646,0.1004090953185593,0.5770366395332585,0.8650699576792709,-0.1418051538937365,0.38161434539184186,168,0.42857142857142855,1.4971217035743212,195.38658150164468,0.03163580615279026,1.0,-79.46181120680626,,,
8f8441f5,2026-09-24T14:23:14.473518+00:00,S06,1.0.0,V0,pair,4h,ADAUSDT,2023-01-01,2025-12-31,,dev,False,,,,,,0.01927351478562489,0.0063836670100070325,0.09098630971836597,0.12322704188111,0.18203712155338,-0.143265036779194,0.04455844324282556,194,0.4072164948453608,1.0909689430746539,44.96225055817569,0.04042348038760281,1.0,-86.5584945536945,,,
16ed3476,2026-09-24T14:23:16.321546+00:00,S06,1.0.0,V0,pair,4h,BCHUSDT,2023-01-01,2025-12-31,,dev,False,,,,,,0.08777297679114882,0.028441094449129345,0.10113945865835755,0.3290207953814608,0.5533525705828223,-0.14833556034730144,0.1917348367615935,195,0.37435897435897436,1.1375749688377526,56.83711234258709,0.04332038197317988,1.0,-48.75037459429144,,,
15af68b3,2026-09-24T14:23:18.170563+00:00,S06,1.0.0,V0,pair,4h,LINKUSDT,2023-01-01,2025-12-31,,dev,False,,,,,,-0.10480750738642419,-0.03623279561527337,0.09156218171308597,-0.35161702101760417,-0.5181108407605478,-0.1494304522634985,-0.24247263570736036,217,0.37327188940092165,0.8557063550585804,-57.45280491967479,0.048499800306142524,1.0,-90.87930971885221,,,
8a2456b2,2026-09-24T14:23:20.000488+00:00,S06,1.0.0,V0,pair,4h,ZECUSDT,2023-01-01,2025-12-31,,dev,False,,,,,,0.18917593627117713,0.05945383524772074,0.15050737889888158,0.4579334612452554,0.7801216731212793,-0.1757383100795039,0.33830890498960564,191,0.33507853403141363,1.2099508809222508,107.66794217753322,0.023211736238409067,1.0,6.381469798175352,,,
62b41e6d,2026-09-24T14:23:20.274604+00:00,S06,1.0.0,V0,pair,4h,HYPEUSDT,2023-01-01,2025-12-31,,dev,False,,,,,,0.0029569188840798954,0.00503484385843378,0.08804208945416778,0.10094650450963773,0.14597449544606747,-0.061333897037439966,0.08208909105123985,27,0.4074074074074074,1.027375375231868,18.828539848270026,0.03201963288676501,0.992621359223301,-1.285465444423882,,,
eb0eec7c,2026-09-24T14:23:47.872980+00:00,S07,1.0.0,V0,portfolio,4h,BNBUSDT;XRPUSDT;SOLUSDT;TRXUSDT;DOGEUSDT;ADAUSDT;BCHUSDT;LINKUSDT;ZECUSDT;HYPEUSDT,2023-01-01,2025-12-31,,dev,False,,,,,reports/dev/S07,0.5125693128511231,0.14790274665376635,0.290328123944622,0.6242388142666695,0.9221377511736206,-0.35767987262781464,0.41350592519268536,249,0.27710843373493976,1.0724047876675689,96.48195894662756,0.04492057658892125,1.0,-530.9493298052183,,,
e1078cbf,2026-09-24T14:23:49.717990+00:00,S07,1.0.0,V0,pair,4h,BNBUSDT,2023-01-01,2025-12-31,,dev,False,,,,,,0.21018636608261043,0.06565694252956855,0.0700205053425533,0.9411311337312674,1.4755029578919958,-0.07948342385837015,0.8260457255409792,48,0.25,1.8944283448792507,333.74564925327394,0.008714036495819007,1.0,41.13775568212412,,,
c1e1bd9e,2026-09-24T14:23:51.620422+00:00,S07,1.0.0,V0,pair,4h,XRPUSDT,2023-01-01,2025-12-31,,dev,False,,,,,,0.15435517369580665,0.04901045811227345,0.13008198322946943,0.4328399453976229,0.6504594694948072,-0.15816625496604808,0.30986671665706456,56,0.21428571428571427,1.0238330502024877,107.42700452166572,0.044832411620579216,1.0,-118.58753398099991,,,
259494a6,2026-09-24T14:23:53.459328+00:00,S07,1.0.0,V0,pair,4h,SOLUSDT,2023-01-01,2025-12-31,,dev,False,,,,,,0.15501655166630868,0.04921076040079164,0.1274454075605431,0.44059468884830305,0.689547500164091,-0.21995788746859812,0.22372810071572052,46,0.2826086956521739,1.5406811056490097,479.23029316579573,0.07719204291664047,1.0,-438.4578890534382,,,
6451a367,2026-09-24T14:23:55.302115+00:00,S07,1.0.0,V0,pair,4h,TRXUSDT,2023-01-01,2025-12-31,,dev,False,,,,,,0.011151427911125777,0.0037034104569635407,0.108129609026351,0.08702330572715519,0.16810832743190487,-0.18258575605607386,0.02028312907292827,64,0.171875,0.5997048237508554,-175.84971052593727,0.09612238703866764,1.0,-96.74276060281525,,,
bdef9f00,2026-09-24T14:23:57.155954+00:00,S07,1.0.0,V0,pair,4h,DOGEUSDT,2023-01-01,2025-12-31,,dev,False,,,,,,0.1353664201201492,0.043226671269299244,0.1190376049993394,0.41614770760885555,0.6317256232628989,-0.21195041586004693,0.20394709344586645,50,0.34,1.2868969588565322,229.45762584361415,0.05571092690220276,1.0,-213.215358251404,,,
4a0e593e,2026-09-24T14:23:59.031806+00:00,S07,1.0.0,V0,pair,4h,ADAUSDT,2023-01-01,2025-12-31,,dev,False,,,,,,0.1163206834285948,0.03736038058974778,0.10181094235882447,0.4159959874746581,0.6060172307584505,-0.19354894055969973,0.19302808107195013,46,0.32608695652173914,1.1728227481477649,138.571714602415,0.04627205140486322,1.0,-143.8705485545335,,,
34aba37d,2026-09-24T14:24:00.926377+00:00,S07,1.0.0,V0,pair,4h,BCHUSDT,2023-01-01,2025-12-31,,dev,False,,,,,,-0.054164082067691965,-0.01839084375359623,0.10474949574940413,-0.1237899168281217,-0.19880609879998487,-0.20572242282620856,-0.0893963988025387,55,0.2,0.7226929059347019,-206.74452520315103,0.04682129890024523,1.0,-75.7174869213816,,,
745b034f,2026-09-24T14:24:02.795042+00:00,S07,1.0.0,V0,pair,4h,LINKUSDT,2023-01-01,2025-12-31,,dev,False,,,,,,0.11399423762896999,0.036639249351361425,0.10386469499883484,0.40290552444248806,0.630241479070522,-0.1469192424329907,0.24938359839469254,50,0.28,1.0232003322771468,30.559706716692318,0.058274481974657726,1.0,-158.2277431763288,,,
62145fb5,2026-09-24T14:24:04.647096+00:00,S07,1.0.0,V0,pair,4h,ZECUSDT,2023-01-01,2025-12-31,,dev,False,,,,,,0.6919290694980462,0.19159146564594787,0.25473399878474423,0.8141570786316709,1.329105239441072,-0.32999653118040273,0.5805863018033014,53,0.32075471698113206,2.909541297504482,1323.2072211185277,-0.022378420118114705,1.0,302.40815401374016,,,
f429da68,2026-09-24T14:24:04.910690+00:00,S07,1.0.0,V0,pair,4h,HYPEUSDT,2023-01-01,2025-12-31,,dev,False,,,,,,-0.02830811124350352,-0.047672175414992135,0.08137995717467415,-0.5583438651656493,-0.7824399470376373,-0.09471711427809593,-0.5033111046333545,5,0.0,0.0,-1269.3263109176044,0.03215961302168214,0.8450485436893204,-3.7461015812300777,,,
9f540d49,2026-09-24T14:24:32.220443+00:00,S08,1.0.0,V0,portfolio,4h,BNBUSDT;XRPUSDT;SOLUSDT;TRXUSDT;DOGEUSDT;ADAUSDT;BCHUSDT;LINKUSDT;ZECUSDT;HYPEUSDT,2023-01-01,2025-12-31,,dev,False,,,,,reports/dev/S08,0.12276062790480036,0.039351366961372536,0.21124313281318843,0.29120590072351416,0.4766578001683819,-0.287557040407025,0.1368471691935357,2394,0.31746031746031744,1.0597341513426137,14.250122222166464,0.057272407155912884,1.0,-317.8204177870843,,,
e8c514fb,2026-09-24T14:24:33.891822+00:00,S08,1.0.0,V0,pair,4h,BNBUSDT,2023-01-01,2025-12-31,,dev,False,,,,,,-0.02949314373708778,-0.009929312851600036,0.0347343270162323,-0.2674930307898957,-0.4053176258732634,-0.07017641087599646,-0.14149074778340245,351,0.31054131054131057,0.9277125820586539,-8.520034821970773,0.08271230187894417,0.5229832572298325,-20.53221432149978,,,
5e1c27a9,2026-09-24T14:24:35.599324+00:00,S08,1.0.0,V0,pair,4h,XRPUSDT,2023-01-01,2025-12-31,,dev,False,,,,,,-0.02025681583979988,-0.00679838525262455,0.0605650178958568,-0.07838549375606428,-0.13504888022111716,-0.12546949177649624,-0.054183572088861105,357,0.2689075630252101,0.9378809995254004,-8.568316561597046,0.06535318056167505,0.536986301369863,-59.71436010177754,,,
ef55d78f,2026-09-24T14:24:37.260654+00:00,S08,1.0.0,V0,pair,4h,SOLUSDT,2023-01-01,2025-12-31,,dev,False,,,,,,0.06093693456780813,0.0199131460608184,0.05794921553266112,0.36911718758289597,0.6182431745618385,-0.10483607020458441,0.1899455599771958,320,0.35,1.1176213254188694,27.541181409170328,0.05091948873918336,0.5143074581430745,-95.96571576449597,,,
2e5eb5e9,2026-09-24T14:24:38.900135+00:00,S08,1.0.0,V0,pair,4h,TRXUSDT,2023-01-01,2025-12-31,,dev,False,,,,,,0.041445314213978124,0.013628524291372734,0.07284615143857842,0.22082775595824825,0.4596486767342575,-0.09990912745169345,0.13640920143119248,343,0.29737609329446063,0.7846175501307114,-24.680303086664605,0.1168185445119768,0.5445966514459665,-75.32123915693526,,,
054aeb9d,2026-09-24T14:24:40.558940+00:00,S08,1.0.0,V0,pair,4h,DOGEUSDT,2023-01-01,2025-12-31,,dev,False,,,,,,0.08239383672857326,0.02674304626174906,0.06008080982022105,0.46919602123618465,0.8158579727603991,-0.07422640104417855,0.3602902186491833,321,0.32398753894080995,1.1892464697552425,36.175762251159135,0.05300244508913939,0.5045662100456622,-76.57895872748729,,,
eb11a740,2026-09-24T14:24:42.236278+00:00,S08,1.0.0,V0,pair,4h,ADAUSDT,2023-01-01,2025-12-31,,dev,False,,,,,,0.06997886359085359,0.022802386986361167,0.050899044639268684,0.4683459753083879,0.7851980064318882,-0.05201095556620883,0.43841507501884325,310,0.38064516129032255,1.2567651830180073,46.53873700899589,0.05105996403203146,0.5062404870624049,-58.30856960028683,,,
01ef2172,2026-09-24T14:24:43.886995+00:00,S08,1.0.0,V0,pair,4h,BCHUSDT,2023-01-01,2025-12-31,,dev,False,,,,,,-0.08188183892729595,-0.02807476249444585,0.04859721550078737,-0.5617090048442477,-0.8696906360979627,-0.11725593421681679,-0.2394314853398642,327,0.28134556574923547,0.8637030829536448,-25.851502712534174,0.06696331628495254,0.4904109589041096,-61.85346736473923,,,
2deabaa4,2026-09-24T14:24:45.537112+00:00,S08,1.0.0,V0,pair,4h,LINKUSDT,2023-01-01,2025-12-31,,dev,False,,,,,,-0.025801962921200183,-0.008675704488230518,0.05644047173915881,-0.12627288649244683,-0.20744507737829193,-0.07482093356282515,-0.11595290348717394,339,0.3421828908554572,1.021970091783312,5.727098201113464,0.05783643306866436,0.5220700152207002,-61.31882056783325,,,
8c2639f8,2026-09-24T14:24:47.182382+00:00,S08,1.0.0,V0,pair,4h,ZECUSDT,2023-01-01,2025-12-31,,dev,False,,,,,,0.1920232987208128,0.060298746552963856,0.08522038874622224,0.7344776663177711,1.4406948335648135,-0.07910586345135628,0.7622538194029411,326,0.34662576687116564,1.3456464265875998,79.96368798836505,0.02667760707450346,0.5366818873668189,39.359517605599834,,,
4099d904,2026-09-24T14:24:47.423406+00:00,S08,1.0.0,V0,pair,4h,HYPEUSDT,2023-01-01,2025-12-31,,dev,False,,,,,,0.01742005461230356,0.02981160452638343,0.0553790411900566,0.5570757585390165,0.9131627763324008,-0.04246251991913763,0.7020686615668209,37,0.40540540540540543,1.2401417860716835,61.560899180679975,0.0315482037790751,0.31766990291262137,-0.2715151622295747,,,
19cb882a,2026-09-24T14:25:33.691283+00:00,S09,1.0.0,V0,portfolio,1h,BNBUSDT;XRPUSDT;SOLUSDT;TRXUSDT;DOGEUSDT;ADAUSDT;BCHUSDT;LINKUSDT;ZECUSDT;HYPEUSDT,2023-01-01,2025-12-31,,dev,False,,,,,reports/dev/S09,-0.4298560372327884,-0.17079576789701967,0.21501270609529982,-0.7602464821287201,-1.110695323581384,-0.4746279869710428,-0.35985186838010874,5834,0.4562907096331848,0.8780532909723185,-11.053329726568172,0.08038784198103512,1.0,-178.0935164109618,,,
e289061b,2026-09-24T14:25:36.494346+00:00,S09,1.0.0,V0,pair,1h,BNBUSDT,2023-01-01,2025-12-31,,dev,False,,,,,,-0.09137967311811879,-0.031437873849738285,0.033091878590540594,-0.9451266474581557,-1.3443068645106115,-0.1309616899320365,-0.24005397201313752,868,0.4205069124423963,0.845205855377543,-13.611440968136192,0.11926484903214048,0.43409436834094367,-44.098364605115265,,,
5922efe7,2026-09-24T14:25:39.294591+00:00,S09,1.0.0,V0,pair,1h,XRPUSDT,2023-01-01,2025-12-31,,dev,False,,,,,,-0.02089540061911599,-0.007014217759057306,0.05389188660291458,-0.1038247683718985,-0.1769192730061695,-0.08425654819227468,-0.08324833985663356,816,0.44730392156862747,1.0037158317236385,1.1996400180406268,0.08363598783472909,0.38789954337899546,-28.540810301814304,,,
4eeb7a1b,2026-09-24T14:25:42.051841+00:00,S09,1.0.0,V0,pair,1h,SOLUSDT,2023-01-01,2025-12-31,,dev,False,,,,,,-0.1269338578235073,-0.04423956396904749,0.055724083512284944,-0.7840911606096137,-1.0807967718484415,-0.16100648187077926,-0.27476883821704345,897,0.4693422519509476,0.9150838316737459,-11.948051239485293,0.06902808764340874,0.4212709284627093,-36.35619265702252,,,
02178fa7,2026-09-24T14:25:44.850194+00:00,S09,1.0.0,V0,pair,1h,TRXUSDT,2023-01-01,2025-12-31,,dev,False,,,,,,0.05214012166315185,0.01708643163571999,0.056942080741443725,0.3248405893873989,0.9832943427545164,-0.061966736137749834,0.27573554298127734,876,0.4680365296803653,0.9189702211728643,-5.153530787028713,0.12796446758646315,0.44965753424657534,-72.12844149992185,,,
02cb4e2a,2026-09-24T14:25:47.616526+00:00,S09,1.0.0,V0,pair,1h,DOGEUSDT,2023-01-01,2025-12-31,,dev,False,,,,,,-0.11550301789225348,-0.0400864581234186,0.054708780240034165,-0.7203587099702555,-0.9588521137578523,-0.16121704673332315,-0.24864900415728078,842,0.45605700712589076,0.8967974602858286,-12.32115296827942,0.07655396645910408,0.4046803652968037,-35.294475411443145,,,
9af5b81d,2026-09-24T14:25:50.388820+00:00,S09,1.0.0,V0,pair,1h,ADAUSDT,2023-01-01,2025-12-31,,dev,False,,,,,,-0.24432278311024092,-0.08915297763873853,0.057874193848394505,-1.5843637361601495,-2.1497103096530132,-0.2643464448891245,-0.3372580920319628,900,0.4388888888888889,0.7964599261728795,-27.785267674046658,0.08442701357010429,0.4235159817351598,-28.3593415032615,,,
cf2a8823,2026-09-24T14:25:53.146576+00:00,S09,1.0.0,V0,pair,1h,BCHUSDT,2023-01-01,2025-12-31,,dev,False,,,,,,-0.1562108155103047,-0.05504458484575947,0.055388546303731995,-0.9946214245615493,-1.5434905323636545,-0.1613831775863236,-0.34108006589668377,855,0.45614035087719296,0.8707331765284428,-15.794666649376264,0.0847662044242359,0.4253805175038052,-38.191473914829196,,,
c99b2db8,2026-09-24T14:25:55.954251+00:00,S09,1.0.0,V0,pair,1h,LINKUSDT,2023-01-01,2025-12-31,,dev,False,,,,,,-0.05554305824565842,-0.01886811963281876,0.05619934488738563,-0.31088510508153616,-0.4578635695569062,-0.11727403948860837,-0.160889142346389,886,0.5,0.9367546508279497,-7.516773131547873,0.07219288484896728,0.42111872146118723,-21.73496535394899,,,
00fd8006,2026-09-24T14:25:58.701565+00:00,S09,1.0.0,V0,pair,1h,ZECUSDT,2023-01-01,2025-12-31,,dev,False,,,,,,-0.2789255306002606,-0.10327342670572515,0.07151191772802298,-1.4802967752018414,-1.9279454068071828,-0.3082933211697656,-0.3349843140093727,864,0.42824074074074076,0.767413689378772,-39.215208699439366,0.07200960884985634,0.42054794520547945,-42.82973795394471,,,
ad47c2d1,2026-09-24T14:25:59.117502+00:00,S09,1.0.0,V0,pair,1h,HYPEUSDT,2023-01-01,2025-12-31,,dev,False,,,,,,-0.07298654640836322,-0.1209485236563842,0.056632574740549516,-2.2431148241671184,-2.7837402742018598,-0.07829941014355424,-1.5446926539374566,142,0.4295774647887324,0.6983530875919813,-47.69296220409286,0.07859642742199217,0.3433009708737864,-0.8626990459328348,,,
6c0a2765,2026-09-24T14:32:33.532985+00:00,S10,1.0.0,V0,portfolio,4h,BNBUSDT;XRPUSDT;SOLUSDT;TRXUSDT;DOGEUSDT;ADAUSDT;BCHUSDT;LINKUSDT;ZECUSDT;HYPEUSDT,2023-01-01,2025-12-31,,dev,False,,,,,reports/dev/S10,0.08152045761874716,0.026466813712393344,0.15060563002832905,0.25210773215900784,0.3142087141872655,-0.25008901126539906,0.10582957475211206,3037,0.6374711886730327,1.0054006442817005,2.288285525477496,0.07958351159781672,1.0,40.70750310847931,,,
92bcd446,2026-09-24T14:32:35.119079+00:00,S10,1.0.0,V0,pair,4h,BNBUSDT,2023-01-01,2025-12-31,,dev,False,,,,,,-0.016979902577510364,-0.00569230841954238,0.020145692333329804,-0.2732717569008191,-0.33059558492495605,-0.05502271718703933,-0.10345378619148257,353,0.6345609065155807,0.8759727633075454,-9.547086823642934,0.11703339549309684,0.22420091324200914,19.60822441472003,,,
8b0885c1,2026-09-24T14:32:36.749287+00:00,S10,1.0.0,V0,pair,4h,XRPUSDT,2023-01-01,2025-12-31,,dev,False,,,,,,0.01291104829098555,0.004285292797971296,0.032788558181721265,0.14692252485081503,0.17651595026392303,-0.06324700778690118,0.06775487011827942,346,0.6445086705202312,0.9938139575237209,-0.06996104161947508,0.08467973671982021,0.2188736681887367,2.8596852964857047,,,
2db25422,2026-09-24T14:32:38.325734+00:00,S10,1.0.0,V0,pair,4h,SOLUSDT,2023-01-01,2025-12-31,,dev,False,,,,,,0.031221879604689473,0.010300821939396076,0.03492565243363795,0.30948015719857774,0.40014933850738044,-0.036267932519047585,0.2840201032685329,348,0.646551724137931,1.2138559833285472,23.936389869065387,0.07243037745716599,0.22313546423135464,-31.764221485978084,,,
0a6f8499,2026-09-24T14:32:39.917050+00:00,S10,1.0.0,V0,pair,4h,TRXUSDT,2023-01-01,2025-12-31,,dev,False,,,,,,-0.07572679169114449,-0.025907675047033396,0.018198859368814217,-1.4331745599255996,-1.6155364230192324,-0.08677037301872104,-0.29857743081781746,357,0.5938375350140056,0.7185250370261819,-18.678018520973744,0.1632145514460669,0.232572298325723,23.614934237047333,,,
10a09bd7,2026-09-24T14:32:41.498816+00:00,S10,1.0.0,V0,pair,4h,DOGEUSDT,2023-01-01,2025-12-31,,dev,False,,,,,,0.09380242354453028,0.03033778582312774,0.03688676635753754,0.8299629878871347,1.1820221340201147,-0.040360999154972155,0.751660921639755,365,0.6575342465753424,1.244837836635475,26.091100248729575,0.06746645830072961,0.22815829528158296,2.3579772779037906,,,
c1f7cb51,2026-09-24T14:32:43.088132+00:00,S10,1.0.0,V0,pair,4h,ADAUSDT,2023-01-01,2025-12-31,,dev,False,,,,,,0.05331744846695474,0.017465657663095158,0.05280230621442553,0.3597436751332881,0.4077728889385332,-0.07787163872684455,0.22428778883619735,362,0.6353591160220995,1.0466219794062743,6.8388540548034955,0.06803353569479186,0.23074581430745814,3.4812835543728213,,,
ac0343df,2026-09-24T14:32:44.677990+00:00,S10,1.0.0,V0,pair,4h,BCHUSDT,2023-01-01,2025-12-31,,dev,False,,,,,,-0.005787774372435717,-0.0019329921753801216,0.03527358136763818,-0.037122414530537225,-0.04453226669975472,-0.04844648971815069,-0.03989953011303351,398,0.6633165829145728,1.0037988918060883,1.0629654771761265,0.0800511771205245,0.24885844748858446,-0.7270802850918976,,,
8ce3d797,2026-09-24T14:32:46.290289+00:00,S10,1.0.0,V0,pair,4h,LINKUSDT,2023-01-01,2025-12-31,,dev,False,,,,,,-0.04206712893895903,-0.01422373163194246,0.03408003964515329,-0.3978673896791075,-0.4897307831303736,-0.07918488880788743,-0.17962684353135905,369,0.6070460704607046,0.8323000946044622,-21.298295022916832,0.07794913495069987,0.24337899543378996,-0.9255128777819983,,,
4a32e714,2026-09-24T14:32:47.863755+00:00,S10,1.0.0,V0,pair,4h,ZECUSDT,2023-01-01,2025-12-31,,dev,False,,,,,,0.10431233368311554,0.033627306918313726,0.038517746976405996,0.8779806551707641,1.2282519964257954,-0.046390435323788504,0.7248758646821755,370,0.6810810810810811,1.2098007126985526,26.073110660486375,0.05530702309313856,0.2249619482496195,26.09055221788213,,,
3e6f278d,2026-09-24T14:32:48.094465+00:00,S10,1.0.0,V0,pair,4h,HYPEUSDT,2023-01-01,2025-12-31,,dev,False,,,,,,0.012495854568066456,0.021348058273499282,0.0327282298534331,0.6605763289639865,0.8528591880355839,-0.030203312307049313,0.7068118243612885,45,0.7111111111111111,1.2641207569381794,33.42968189170704,0.05645376087449736,0.14135922330097087,-0.38961874490466747,,,
ddaccd4e,2026-09-24T14:33:14.892169+00:00,S11,1.0.0,V0,portfolio,4h,BNBUSDT;XRPUSDT;SOLUSDT;TRXUSDT;DOGEUSDT;ADAUSDT;BCHUSDT;LINKUSDT;ZECUSDT;HYPEUSDT,2023-01-01,2025-12-31,,dev,False,,,,,reports/dev/S11,-0.351159471984544,-0.13427626787573854,0.10783905843720752,-1.2827975550670616,-1.6555808586787164,-0.45988467841867375,-0.2919781288157962,1409,0.524485450674237,0.8487208153596641,-32.626967921095066,0.04888019988653084,1.0,64.07800167259921,,,
54c26fa2,2026-09-24T14:33:16.473944+00:00,S11,1.0.0,V0,pair,4h,BNBUSDT,2023-01-01,2025-12-31,,dev,False,,,,,,-0.0335864005313965,-0.011323197716456623,0.016613936106451965,-0.677114720142006,-0.8794104832236149,-0.056219530038054466,-0.20141039437348654,171,0.5146198830409356,0.8082827417294082,-25.724322792775425,0.07574737917518055,0.19254185692541856,6.607304213175027,,,
c0037c0c,2026-09-24T14:33:18.025098+00:00,S11,1.0.0,V0,pair,4h,XRPUSDT,2023-01-01,2025-12-31,,dev,False,,,,,,-0.01888875624097841,-0.00633631618440067,0.024806353712224297,-0.24382247571834786,-0.3158475819546722,-0.10063475502400487,-0.06296349787793729,154,0.538961038961039,0.8829841297928492,-21.58623734823432,0.052674220167118466,0.15254946727549468,1.986002499774398,,,
1d7a0b66,2026-09-24T14:33:19.593267+00:00,S11,1.0.0,V0,pair,4h,SOLUSDT,2023-01-01,2025-12-31,,dev,False,,,,,,-0.048675582929262995,-0.01649580981675247,0.03138922049772864,-0.514229662676457,-0.7681491723560895,-0.09967543006193835,-0.16549524598491291,126,0.48412698412698413,0.7275183056970945,-72.54777930901757,0.038418724115946754,0.13550228310502282,16.331200906835676,,,
7040494a,2026-09-24T14:33:21.189923+00:00,S11,1.0.0,V0,pair,4h,TRXUSDT,2023-01-01,2025-12-31,,dev,False,,,,,,-0.006892081577665965,-0.002302658693198567,0.016349387540969137,-0.13283765452544571,-0.20650985459671506,-0.03864384658395281,-0.059586684472419105,170,0.5235294117647059,1.2193888633931311,26.017145745703242,0.05409114094971346,0.19204718417047184,24.936860187954956,,,
95d33304,2026-09-24T14:33:22.766090+00:00,S11,1.0.0,V0,pair,4h,DOGEUSDT,2023-01-01,2025-12-31,,dev,False,,,,,,-0.06356314706483845,-0.021653192315143843,0.027974307395330637,-0.7685102438077869,-0.9720960107300742,-0.09382823752729785,-0.23077479536844317,167,0.5209580838323353,0.7914074325926266,-46.10727835208201,0.044709744019961965,0.1898021308980213,16.180484878439305,,,
e818a690,2026-09-24T14:33:24.331521+00:00,S11,1.0.0,V0,pair,4h,ADAUSDT,2023-01-01,2025-12-31,,dev,False,,,,,,-0.05294472226650804,-0.017969198824407617,0.02967005914043688,-0.5962869457367239,-0.8033342621577814,-0.09034702965239783,-0.19889086440962714,158,0.5569620253164557,0.8351540227040167,-34.103560546602615,0.04871730407846311,0.1765220700152207,5.557618884806485,,,
679d1009,2026-09-24T14:33:25.905127+00:00,S11,1.0.0,V0,pair,4h,BCHUSDT,2023-01-01,2025-12-31,,dev,False,,,,,,-0.044848725603479966,-0.015178805628730974,0.027473885069742413,-0.5429477118687618,-0.6870664092866188,-0.08730962294640843,-0.17385031702688586,176,0.5340909090909091,0.8445376284423339,-29.96629123480238,0.04838337252620868,0.1930365296803653,12.099441389351941,,,
237463b9,2026-09-24T14:33:27.475576+00:00,S11,1.0.0,V0,pair,4h,LINKUSDT,2023-01-01,2025-12-31,,dev,False,,,,,,-0.02531839341210973,-0.008511708089902426,0.02779335686179135,-0.29365628578539765,-0.4029268982900328,-0.08819332957113901,-0.09651192591653615,146,0.5205479452054794,0.8952172417111726,-22.492382123754737,0.04155568982566136,0.17210806697108066,6.987155559079196,,,
2f3c5054,2026-09-24T14:33:29.071152+00:00,S11,1.0.0,V0,pair,4h,ZECUSDT,2023-01-01,2025-12-31,,dev,False,,,,,,-0.08500620541050563,-0.029178506318005004,0.03572598475928279,-0.8109840160711312,-1.0863017045858832,-0.1424343243991414,-0.20485586210412704,151,0.5099337748344371,0.7499373967962522,-70.12026575875667,0.050736405923400826,0.16445966514459665,-26.11735880967628,,,
b2ff9ef9,2026-09-24T14:33:29.307553+00:00,S11,1.0.0,V0,pair,4h,HYPEUSDT,2023-01-01,2025-12-31,,dev,False,,,,,,-0.035543477276799074,-0.05970256094266613,0.03846590654565719,-1.5778453864881101,-1.89815368120696,-0.05181812705149447,-1.1521559025731762,30,0.5,0.6471741149549045,-113.99878339881593,0.038989316938651174,0.16174757281553398,2.2303759433319272,,,
af4adfd1,2026-09-24T14:48:12.566588+00:00,S12,1.0.0,V0,portfolio,4h,BNBUSDT;XRPUSDT;SOLUSDT;TRXUSDT;DOGEUSDT;ADAUSDT;BCHUSDT;LINKUSDT;ZECUSDT;HYPEUSDT,2023-01-01,2025-12-31,,dev,False,,,,,reports/dev/S12,0.22693914979026308,0.07055177230302201,0.1272232900993034,0.6005480006180288,0.9135659545678404,-0.21801897344345122,0.32360381845996267,1253,0.529928172386273,1.087846627467932,16.763298093010686,0.021706334671623206,1.0,608.1195858402489,,,
88216eb7,2026-09-24T14:48:14.119961+00:00,S12,1.0.0,V0,pair,4h,BNBUSDT,2023-01-01,2025-12-31,,dev,False,,,,,,-0.032960841560030985,-0.011109920417983532,0.01951167675872199,-0.562803270076678,-0.7098048053763999,-0.04929559226924851,-0.22537350514630297,143,0.5314685314685315,0.9419251353414549,-6.6569755219022,0.015219460034582853,0.17579908675799086,103.90212981270061,,,
1c76e80b,2026-09-24T14:48:15.682078+00:00,S12,1.0.0,V0,pair,4h,XRPUSDT,2023-01-01,2025-12-31,,dev,False,,,,,,-0.08219808318475552,-0.028186367981034577,0.028453126950416963,-0.9905685196752687,-1.2825815800450175,-0.09359046063390697,-0.30116710389202755,169,0.4437869822485207,0.7365082233210237,-42.59684823750674,0.05189228587713242,0.17519025875190258,47.91300354471237,,,
d42d4de1,2026-09-24T14:48:17.222844+00:00,S12,1.0.0,V0,pair,4h,SOLUSDT,2023-01-01,2025-12-31,,dev,False,,,,,,0.009104774132976168,0.00302576025205048,0.03138747167429362,0.11977003783574008,0.1636650330425395,-0.06194693172543342,0.04884439257559225,115,0.5652173913043478,0.7856730828184936,-42.25372406095044,-0.014988426655922224,0.15418569254185693,125.02380036460369,,,
694473bb,2026-09-24T14:48:18.839074+00:00,S12,1.0.0,V0,pair,4h,TRXUSDT,2023-01-01,2025-12-31,,dev,False,,,,,,0.034032771192462175,0.011217944227595034,0.017593768635486905,0.6428603738099972,0.989908513685179,-0.022827778350708705,0.49141638118484554,145,0.6,1.3417120167798857,36.98920094522128,0.025684828367458716,0.1680365296803653,79.21016585324782,,,
04cb2772,2026-09-24T14:48:20.380522+00:00,S12,1.0.0,V0,pair,4h,DOGEUSDT,2023-01-01,2025-12-31,,dev,False,,,,,,-0.01735615014486236,-0.005819180559298975,0.03316597206665096,-0.15936336939022933,-0.2147641582054681,-0.08904414739730104,-0.06535163432285676,139,0.5323741007194245,1.0127711916933255,5.145412943928937,0.026619262048849932,0.15844748858447488,48.456313987362776,,,
22123d50,2026-09-24T14:48:21.911987+00:00,S12,1.0.0,V0,pair,4h,ADAUSDT,2023-01-01,2025-12-31,,dev,False,,,,,,0.07293738545942374,0.02374421198617771,0.030692417528764396,0.777181451050307,1.2178970854117512,-0.05027264748432736,0.47230876379804815,147,0.564625850340136,1.4409380339067985,65.25355663309034,0.02844298259797245,0.1573820395738204,47.25601525387132,,,
bd4f7980,2026-09-24T14:48:23.448715+00:00,S12,1.0.0,V0,pair,4h,BCHUSDT,2023-01-01,2025-12-31,,dev,False,,,,,,-0.013880194196924989,-0.004648304656927782,0.04461794879503216,-0.08182122367964641,-0.10198735426987066,-0.10874798794842655,-0.042743822158183085,127,0.5118110236220472,0.8621730509091033,-29.317358970684857,0.014514132287879719,0.1684931506849315,73.6918936151543,,,
3757e692,2026-09-24T14:48:24.981738+00:00,S12,1.0.0,V0,pair,4h,LINKUSDT,2023-01-01,2025-12-31,,dev,False,,,,,,-0.003939076372891148,-0.0013147532762574077,0.035507397183066745,-0.019185241000057297,-0.02464659140563253,-0.06835661014534855,-0.019233740138105318,138,0.5,0.9969476420572181,0.6486356441120793,0.03596152584107843,0.13926940639269406,43.95176858319155,,,
9cc0f2a5,2026-09-24T14:48:26.547929+00:00,S12,1.0.0,V0,pair,4h,ZECUSDT,2023-01-01,2025-12-31,,dev,False,,,,,,0.27922854822748655,0.08554887339698647,0.05452404530554331,1.5322824887916007,4.263025102382762,-0.03792033789827076,2.2560155879013846,157,0.5477707006369427,1.8539275827922985,124.22141569733202,-0.0007759471028720359,0.15814307458143076,140.185965286459,,,
1dec3df7,2026-09-24T14:48:26.771996+00:00,S12,1.0.0,V0,pair,4h,HYPEUSDT,2023-01-01,2025-12-31,,dev,False,,,,,,-0.009768888604448356,-0.016559646629068725,0.025785069940857545,-0.6334386517887939,-0.8930737738127892,-0.017695764078816456,-0.9357972086038504,34,0.4117647058823529,0.8294068412683299,-23.299395640738926,0.06306809581419057,0.07922330097087378,5.281530064434338,,,
e3a90363,2026-09-24T14:48:50.484364+00:00,S13,1.0.0,V0,portfolio,1d,BNBUSDT;XRPUSDT;SOLUSDT;TRXUSDT;DOGEUSDT;ADAUSDT;BCHUSDT;LINKUSDT;ZECUSDT;HYPEUSDT,2023-01-01,2025-12-31,,dev,False,,,,,reports/dev/S13,0.9953452707547952,0.25894285873983924,0.19082020757029786,1.308211781014831,2.0638043272260527,-0.15462540659809487,1.6746462592197942,300,0.48,1.3540160795214582,264.7858889589386,0.01781325622794664,1.0,-181.2064286245858,,,
720f76b4,2026-09-24T14:57:54.317864+00:00,S01b+BtcRegimeFilter,1.0.0,V0+overlay,portfolio,1d,BNBUSDT;XRPUSDT;SOLUSDT;TRXUSDT;DOGEUSDT;ADAUSDT;BCHUSDT;LINKUSDT;ZECUSDT,2023-01-01,2025-12-31,,dev,False,,,,,reports/dev/S01b_BtcRegimeFilter,0.2260546733897335,0.07029446386246807,0.06743010245965322,1.0474917882174708,1.7743513799005615,-0.0780812647820841,0.9002731200455307,420,0.1761904761904762,0.5344333568716574,-402.18940673111956,0.1809949454916812,1.0,-157.43425069084097,,,
c7661fe3,2026-09-24T14:58:16.095242+00:00,S02+BtcRegimeFilter,1.0.0,V0+overlay,portfolio,1d,BNBUSDT;XRPUSDT;SOLUSDT;TRXUSDT;DOGEUSDT;ADAUSDT;BCHUSDT;LINKUSDT;ZECUSDT;HYPEUSDT,2023-01-01,2025-12-31,,dev,False,,,,,reports/dev/S02_BtcRegimeFilter,0.754629757807239,0.20613289868685758,0.2577780125840464,0.8628996579795648,1.2764632106783478,-0.3091661005789219,0.6667383594154344,741,0.19568151147098514,0.36897240927702324,-281.4129969366586,0.2493931055422063,1.0,-856.2066672930786,,,
d3a7376b,2026-09-24T14:58:43.382867+00:00,S06+BtcRegimeFilter,1.0.0,V0+overlay,portfolio,4h,BNBUSDT;XRPUSDT;SOLUSDT;TRXUSDT;DOGEUSDT;ADAUSDT;BCHUSDT;LINKUSDT;ZECUSDT;HYPEUSDT,2023-01-01,2025-12-31,,dev,False,,,,,reports/dev/S06_BtcRegimeFilter,0.5963587766470551,0.1687191712360121,0.2894608452829302,0.6861802519006838,1.030866103315943,-0.28871442388240076,0.5843808181358298,922,0.3633405639913232,1.2411472797055014,98.5552178695143,0.04285692300942563,1.0,-991.2203262139219,,,
236a46c7,2026-09-24T14:59:05.367703+00:00,S02+VolTarget,1.0.0,V0+overlay,portfolio,1d,BNBUSDT;XRPUSDT;SOLUSDT;TRXUSDT;DOGEUSDT;ADAUSDT;BCHUSDT;LINKUSDT;ZECUSDT;HYPEUSDT,2023-01-01,2025-12-31,,dev,False,,,,,reports/dev/S02_VolTarget,0.1675941622788102,0.053005496944125374,0.14999501732112047,0.42615279368115905,0.635403712536535,-0.1820844197547823,0.291103967135185,919,0.176278563656148,0.11790918079065509,-413.733310039984,0.6726013749404643,1.0,-229.6586125970441,,,
80f4bfbd,2026-09-24T14:59:27.544076+00:00,S03+VolTarget,1.0.0,V0+overlay,portfolio,1d,BNBUSDT;XRPUSDT;SOLUSDT;TRXUSDT;DOGEUSDT;ADAUSDT;BCHUSDT;LINKUSDT;ZECUSDT;HYPEUSDT,2023-01-01,2025-12-31,,dev,False,,,,,reports/dev/S03_VolTarget,0.35767641987251775,0.10730031912635063,0.16975121985686117,0.6896145192188888,1.0124834675515766,-0.18411137788966592,0.5828011302520013,808,0.26113861386138615,0.8880404054586787,-37.25686695080402,0.06141695839947185,1.0,-252.01068345402703,,,
,,S02,1.0.0,V1_grid,portfolio,1d,BNBUSDT;XRPUSDT;SOLUSDT;TRXUSDT;DOGEUSDT;ADAUSDT;BCHUSDT;LINKUSDT;ZECUSDT;HYPEUSDT,2023-01-01,2023-12-31,F1,wf,False,,,,"{'lookback_days': (3, 7, 14), 'rebalance': 'every_bar'}",,0.05189384040988054,0.052040052824672056,0.18027442955986084,0.40138367648059126,0.6447062358826205,-0.1855904307358235,0.2804026728013141,721,0.1650485436893204,0.28478045139707464,-233.5886958276733,0.30028240243170085,1.0,-98.64856802352796,,,
,,S02,1.0.0,V1_grid,portfolio,1d,BNBUSDT;XRPUSDT;SOLUSDT;TRXUSDT;DOGEUSDT;ADAUSDT;BCHUSDT;LINKUSDT;ZECUSDT;HYPEUSDT,2023-01-01,2023-12-31,F1,wf,False,,,,"{'lookback_days': (3, 7, 14), 'rebalance': 'weekly'}",,0.1342832676213428,0.1346759751224269,0.19168499354428045,0.7634127868594586,1.180958159968105,-0.15609877415109052,0.8627612603291289,198,0.2676767676767677,0.6552528585032893,-173.9000456185847,0.07025290233258494,1.0,-109.63401488942586,,,
,,S02,1.0.0,V1_grid,portfolio,1d,BNBUSDT;XRPUSDT;SOLUSDT;TRXUSDT;DOGEUSDT;ADAUSDT;BCHUSDT;LINKUSDT;ZECUSDT;HYPEUSDT,2023-01-01,2023-12-31,F1,wf,False,,,,"{'lookback_days': (3, 7, 14), 'rebalance': 'every_bar'}",,0.05189384040988054,0.052040052824672056,0.18027442955986084,0.40138367648059126,0.6447062358826205,-0.1855904307358235,0.2804026728013141,721,0.1650485436893204,0.28478045139707464,-233.5886958276733,0.30028240243170085,1.0,-98.64856802352796,,,
,,S02,1.0.0,V1_grid,portfolio,1d,BNBUSDT;XRPUSDT;SOLUSDT;TRXUSDT;DOGEUSDT;ADAUSDT;BCHUSDT;LINKUSDT;ZECUSDT;HYPEUSDT,2023-01-01,2023-12-31,F1,wf,False,,,,"{'lookback_days': (3, 7, 14), 'rebalance': 'weekly'}",,0.1342832676213428,0.1346759751224269,0.19168499354428045,0.7634127868594586,1.180958159968105,-0.15609877415109052,0.8627612603291289,198,0.2676767676767677,0.6552528585032893,-173.9000456185847,0.07025290233258494,1.0,-109.63401488942586,,,
,,S02,1.0.0,V1_grid,portfolio,1d,BNBUSDT;XRPUSDT;SOLUSDT;TRXUSDT;DOGEUSDT;ADAUSDT;BCHUSDT;LINKUSDT;ZECUSDT;HYPEUSDT,2023-01-01,2023-12-31,F1,wf,False,,,,"{'lookback_days': (7, 14, 28), 'rebalance': 'every_bar'}",,0.17958185521173275,0.18011719576886276,0.19129886056990866,0.9876391475010897,1.5845580713991407,-0.14835402082218163,1.2141039034240448,480,0.2,0.18394803113416866,-355.2874196272941,0.34344142053349586,1.0,-92.9272050142676,,,
,,S02,1.0.0,V1_grid,portfolio,1d,BNBUSDT;XRPUSDT;SOLUSDT;TRXUSDT;DOGEUSDT;ADAUSDT;BCHUSDT;LINKUSDT;ZECUSDT;HYPEUSDT,2023-01-01,2023-12-31,F1,wf,False,,,,"{'lookback_days': (7, 14, 28), 'rebalance': 'weekly'}",,0.005524183343011524,0.005539401627470575,0.18955268184016272,0.1360200187222864,0.19227246835304268,-0.18839008486859543,0.029403891565388807,187,0.20320855614973263,0.4053819589416411,-447.82863304774366,0.09807892733335832,1.0,-129.52909920840744,,,
,,S02,1.0.0,V1_grid,portfolio,1d,BNBUSDT;XRPUSDT;SOLUSDT;TRXUSDT;DOGEUSDT;ADAUSDT;BCHUSDT;LINKUSDT;ZECUSDT;HYPEUSDT,2023-01-01,2023-12-31,F1,wf,False,,,,"{'lookback_days': (14, 28, 56), 'rebalance': 'every_bar'}",,0.0570096391858439,0.05717065325798876,0.18808724621701287,0.41230219521347167,0.5973241294938071,-0.1798346509451818,0.31790677134528333,377,0.20424403183023873,0.2630589836395054,-385.7806292846264,0.22405422353697366,1.0,-81.57492195296867,,,
,,S02,1.0.0,V1_grid,portfolio,1d,BNBUSDT;XRPUSDT;SOLUSDT;TRXUSDT;DOGEUSDT;ADAUSDT;BCHUSDT;LINKUSDT;ZECUSDT;HYPEUSDT,2023-01-01,2023-12-31,F1,wf,False,,,,"{'lookback_days': (14, 28, 56), 'rebalance': 'weekly'}",,0.1322038146706701,0.13259009272624955,0.22297809393554519,0.6830388148393238,1.0363313331335229,-0.22243729973525173,0.5960785033987569,123,0.17073170731707318,0.21324884881826436,-686.8314049189659,0.10531420602461042,1.0,-235.41305943697577,,,
,,S02,1.0.0,V1_grid,portfolio,1d,BNBUSDT;XRPUSDT;SOLUSDT;TRXUSDT;DOGEUSDT;ADAUSDT;BCHUSDT;LINKUSDT;ZECUSDT;HYPEUSDT,2023-01-01,2023-12-31,F1,wf,False,,,,"{'lookback_days': (7,), 'rebalance': 'every_bar'}",,0.19031194083392,0.19088177685996577,0.23177441243235058,0.8928961281818943,1.4393676602148335,-0.20570448836288047,0.927941720567778,665,0.3323308270676692,1.1081361313926315,35.78680687846148,0.052530358462285556,1.0,-91.85386110317263,,,
,,S02,1.0.0,V1_grid,portfolio,1d,BNBUSDT;XRPUSDT;SOLUSDT;TRXUSDT;DOGEUSDT;ADAUSDT;BCHUSDT;LINKUSDT;ZECUSDT;HYPEUSDT,2023-01-01,2023-12-31,F1,wf,False,,,,"{'lookback_days': (7,), 'rebalance': 'weekly'}",,0.26535017863207466,0.2661685716882951,0.23533207010047108,1.122605990156928,1.7505636533662752,-0.15021835081714563,1.7718778713813117,236,0.326271186440678,1.27461268319837,146.2282529263458,0.0290509790074156,1.0,-95.43093000831178,,,
,,S02,1.0.0,V1_grid,portfolio,1d,BNBUSDT;XRPUSDT;SOLUSDT;TRXUSDT;DOGEUSDT;ADAUSDT;BCHUSDT;LINKUSDT;ZECUSDT;HYPEUSDT,2023-01-01,2023-12-31,F1,wf,False,,,,"{'lookback_days': (14,), 'rebalance': 'every_bar'}",,0.09808505978911208,0.09836736368684584,0.22553791125025088,0.5476952398709839,0.8149808909106628,-0.22275049557789173,0.44160334382936806,467,0.32548179871520344,1.0313180489504983,19.119459070663858,0.04759261774746366,1.0,-65.3329633121844,,,
,,S02,1.0.0,V1_grid,portfolio,1d,BNBUSDT;XRPUSDT;SOLUSDT;TRXUSDT;DOGEUSDT;ADAUSDT;BCHUSDT;LINKUSDT;ZECUSDT;HYPEUSDT,2023-01-01,2023-12-31,F1,wf,False,,,,"{'lookback_days': (14,), 'rebalance': 'weekly'}",,-0.023708841987414964,-0.023773195744141384,0.29318890877297055,0.07571240219922731,0.10710650093843421,-0.41764049103827805,-0.056922631436046506,171,0.30409356725146197,0.6376371428139636,-243.54687228212356,0.03291503339256297,1.0,-106.0705132554893,,,
,,S02,1.0.0,V1_grid,portfolio,1d,BNBUSDT;XRPUSDT;SOLUSDT;TRXUSDT;DOGEUSDT;ADAUSDT;BCHUSDT;LINKUSDT;ZECUSDT;HYPEUSDT,2023-01-01,2023-12-31,F1,wf,False,,,,"{'lookback_days': (28,), 'rebalance': 'every_bar'}",,0.3438752662876299,0.34496689710596984,0.2336233457457276,1.4024145338891996,2.1806030885732195,-0.12404616381905353,2.7809557868244434,318,0.34591194968553457,0.8259677791977384,-49.91631630803122,0.05031282806475586,1.0,-132.35301212428087,,,
,,S02,1.0.0,V1_grid,portfolio,1d,BNBUSDT;XRPUSDT;SOLUSDT;TRXUSDT;DOGEUSDT;ADAUSDT;BCHUSDT;LINKUSDT;ZECUSDT;HYPEUSDT,2023-01-01,2023-12-31,F1,wf,False,,,,"{'lookback_days': (28,), 'rebalance': 'weekly'}",,0.27552738616186656,0.27638045151546864,0.27346412461691444,1.0410686297754124,1.5614429606582032,-0.2044095768912516,1.3520915004021872,110,0.37272727272727274,0.7664878797821071,-139.82786168212243,0.04348619343709432,1.0,-285.9593390571407,,,
,,S02,1.0.0,V2_pair,pair,1d,BNBUSDT,2023-01-01,2023-12-31,F1,wf,False,,,,"{'lookback_days': (14,), 'rebalance': 'weekly'}",,0.018435357384826823,0.018486469254874738,0.04586867454223228,0.41295830289003405,0.6109362127019693,-0.047975633162612,0.38533038620283333,33,0.36363636363636365,1.2629038242416666,131.25110418947065,0.03139382623531893,1.0,-21.57412268378403,,,
,,S02,1.0.0,V2_pair,pair,1d,XRPUSDT,2023-01-01,2023-12-31,F1,wf,False,,,,"{'lookback_days': (14,), 'rebalance': 'weekly'}",,-0.02185621313492625,-0.02191559486736927,0.09496448537064317,-0.18457248622470418,-0.2183971582308571,-0.08659549304203606,-0.2530800864743709,30,0.43333333333333335,1.1088480185782008,81.67059507468852,0.013478663632404506,1.0,15.907140111426617,,,
,,S02,1.0.0,V2_pair,pair,1d,SOLUSDT,2023-01-01,2023-12-31,F1,wf,False,,,,"{'lookback_days': (14,), 'rebalance': 'weekly'}",,0.20040327812552894,0.20100579945318664,0.14424776813358806,1.342553056008975,2.4071013785781954,-0.12679911013659995,1.5852303634989573,35,0.3142857142857143,0.7220508998861773,-243.70039775724825,0.024706822590059234,1.0,-70.59927869926547,,,
,,S02,1.0.0,V2_pair,pair,1d,TRXUSDT,2023-01-01,2023-12-31,F1,wf,False,,,,"{'lookback_days': (14,), 'rebalance': 'weekly'}",,0.016459343179985986,0.016504932282142226,0.044299205260064985,0.3804430589697184,0.5683989820472989,-0.029702130958517592,0.5556817558037584,32,0.5,1.034787400394131,11.738139147375534,0.03775036827984829,1.0,9.044338378401955,,,
,,S02,1.0.0,V2_pair,pair,1d,DOGEUSDT,2023-01-01,2023-12-31,F1,wf,False,,,,"{'lookback_days': (14,), 'rebalance': 'weekly'}",,0.005053057805735728,0.005066974943445324,0.06764804634914337,0.1151209445874017,0.17007407069209474,-0.06301891420348105,0.08040403436791416,33,0.24242424242424243,0.3525141538359601,-645.0082415984291,0.05683913237219485,1.0,-26.35231703350031,,,
,,S02,1.0.0,V2_pair,pair,1d,ADAUSDT,2023-01-01,2023-12-31,F1,wf,False,,,,"{'lookback_days': (14,), 'rebalance': 'weekly'}",,0.04003786802177567,0.04015004136618039,0.08659819749022818,0.5178098562689352,0.8066790854904503,-0.09538163436604985,0.42094100853939026,31,0.3548387096774194,1.102820689507271,99.73612317296923,0.03615654542381251,1.0,-43.499573218500444,,,
,,S02,1.0.0,V2_pair,pair,1d,BCHUSDT,2023-01-01,2023-12-31,F1,wf,False,,,,"{'lookback_days': (14,), 'rebalance': 'weekly'}",,-0.16959548213494346,-0.17001934180042,0.09837597695803618,-1.8389754167615793,-2.1246976030504996,-0.20020471025936581,-0.8492274811125045,36,0.2777777777777778,0.5195357957364253,-393.33872519799337,0.02160514862472499,1.0,15.735239489806478,,,
,,S02,1.0.0,V2_pair,pair,1d,LINKUSDT,2023-01-01,2023-12-31,F1,wf,False,,,,"{'lookback_days': (14,), 'rebalance': 'weekly'}",,-0.08836294292563729,-0.08859461288402914,0.08193323379424552,-1.0726389836622967,-1.4357240086945442,-0.11771660171433196,-0.7526093311717031,39,0.358974358974359,0.596326151382316,-304.9228438469727,0.03424326738924488,1.0,-8.49152658253322,,,
,,S02,1.0.0,V2_pair,pair,1d,ZECUSDT,2023-01-01,2023-12-31,F1,wf,False,,,,"{'lookback_days': (14,), 'rebalance': 'weekly'}",,-0.06878937500570181,-0.06897168459586445,0.0619929763781541,-1.1203411357455713,-1.545039777508955,-0.08915466907630909,-0.7736183119790433,38,0.3684210526315789,0.6526491355017514,-189.27972094110325,0.036843904508548984,1.0,-2.3124741135314153,,,
,,S02,1.0.0,V1_grid,portfolio,1d,BNBUSDT;XRPUSDT;SOLUSDT;TRXUSDT;DOGEUSDT;ADAUSDT;BCHUSDT;LINKUSDT;ZECUSDT;HYPEUSDT,2023-01-01,2023-12-31,F1,wf,False,,,,"{'lookback_days': (3, 7, 14), 'rebalance': 'every_bar'}",,0.05189384040988054,0.052040052824672056,0.18027442955986084,0.40138367648059126,0.6447062358826205,-0.1855904307358235,0.2804026728013141,721,0.1650485436893204,0.28478045139707464,-233.5886958276733,0.30028240243170085,1.0,-98.64856802352796,,,
,,S02,1.0.0,V1_grid,portfolio,1d,BNBUSDT;XRPUSDT;SOLUSDT;TRXUSDT;DOGEUSDT;ADAUSDT;BCHUSDT;LINKUSDT;ZECUSDT;HYPEUSDT,2023-01-01,2023-12-31,F1,wf,False,,,,"{'lookback_days': (3, 7, 14), 'rebalance': 'weekly'}",,0.1342832676213428,0.1346759751224269,0.19168499354428045,0.7634127868594586,1.180958159968105,-0.15609877415109052,0.8627612603291289,198,0.2676767676767677,0.6552528585032893,-173.9000456185847,0.07025290233258494,1.0,-109.63401488942586,,,
,,S02,1.0.0,V1_grid,portfolio,1d,BNBUSDT;XRPUSDT;SOLUSDT;TRXUSDT;DOGEUSDT;ADAUSDT;BCHUSDT;LINKUSDT;ZECUSDT;HYPEUSDT,2023-01-01,2023-12-31,F1,wf,False,,,,"{'lookback_days': (7, 14, 28), 'rebalance': 'every_bar'}",,0.17958185521173275,0.18011719576886276,0.19129886056990866,0.9876391475010897,1.5845580713991407,-0.14835402082218163,1.2141039034240448,480,0.2,0.18394803113416866,-355.2874196272941,0.34344142053349586,1.0,-92.9272050142676,,,
,,S02,1.0.0,V1_grid,portfolio,1d,BNBUSDT;XRPUSDT;SOLUSDT;TRXUSDT;DOGEUSDT;ADAUSDT;BCHUSDT;LINKUSDT;ZECUSDT;HYPEUSDT,2023-01-01,2023-12-31,F1,wf,False,,,,"{'lookback_days': (7, 14, 28), 'rebalance': 'weekly'}",,0.005524183343011524,0.005539401627470575,0.18955268184016272,0.1360200187222864,0.19227246835304268,-0.18839008486859543,0.029403891565388807,187,0.20320855614973263,0.4053819589416411,-447.82863304774366,0.09807892733335832,1.0,-129.52909920840744,,,
,,S02,1.0.0,V1_grid,portfolio,1d,BNBUSDT;XRPUSDT;SOLUSDT;TRXUSDT;DOGEUSDT;ADAUSDT;BCHUSDT;LINKUSDT;ZECUSDT;HYPEUSDT,2023-01-01,2023-12-31,F1,wf,False,,,,"{'lookback_days': (14, 28, 56), 'rebalance': 'every_bar'}",,0.0570096391858439,0.05717065325798876,0.18808724621701287,0.41230219521347167,0.5973241294938071,-0.1798346509451818,0.31790677134528333,377,0.20424403183023873,0.2630589836395054,-385.7806292846264,0.22405422353697366,1.0,-81.57492195296867,,,
,,S02,1.0.0,V1_grid,portfolio,1d,BNBUSDT;XRPUSDT;SOLUSDT;TRXUSDT;DOGEUSDT;ADAUSDT;BCHUSDT;LINKUSDT;ZECUSDT;HYPEUSDT,2023-01-01,2023-12-31,F1,wf,False,,,,"{'lookback_days': (14, 28, 56), 'rebalance': 'weekly'}",,0.1322038146706701,0.13259009272624955,0.22297809393554519,0.6830388148393238,1.0363313331335229,-0.22243729973525173,0.5960785033987569,123,0.17073170731707318,0.21324884881826436,-686.8314049189659,0.10531420602461042,1.0,-235.41305943697577,,,
,,S02,1.0.0,V1_grid,portfolio,1d,BNBUSDT;XRPUSDT;SOLUSDT;TRXUSDT;DOGEUSDT;ADAUSDT;BCHUSDT;LINKUSDT;ZECUSDT;HYPEUSDT,2023-01-01,2023-12-31,F1,wf,False,,,,"{'lookback_days': (7,), 'rebalance': 'every_bar'}",,0.19031194083392,0.19088177685996577,0.23177441243235058,0.8928961281818943,1.4393676602148335,-0.20570448836288047,0.927941720567778,665,0.3323308270676692,1.1081361313926315,35.78680687846148,0.052530358462285556,1.0,-91.85386110317263,,,
,,S02,1.0.0,V1_grid,portfolio,1d,BNBUSDT;XRPUSDT;SOLUSDT;TRXUSDT;DOGEUSDT;ADAUSDT;BCHUSDT;LINKUSDT;ZECUSDT;HYPEUSDT,2023-01-01,2023-12-31,F1,wf,False,,,,"{'lookback_days': (7,), 'rebalance': 'weekly'}",,0.26535017863207466,0.2661685716882951,0.23533207010047108,1.122605990156928,1.7505636533662752,-0.15021835081714563,1.7718778713813117,236,0.326271186440678,1.27461268319837,146.2282529263458,0.0290509790074156,1.0,-95.43093000831178,,,
,,S02,1.0.0,V1_grid,portfolio,1d,BNBUSDT;XRPUSDT;SOLUSDT;TRXUSDT;DOGEUSDT;ADAUSDT;BCHUSDT;LINKUSDT;ZECUSDT;HYPEUSDT,2023-01-01,2023-12-31,F1,wf,False,,,,"{'lookback_days': (14,), 'rebalance': 'every_bar'}",,0.09808505978911208,0.09836736368684584,0.22553791125025088,0.5476952398709839,0.8149808909106628,-0.22275049557789173,0.44160334382936806,467,0.32548179871520344,1.0313180489504983,19.119459070663858,0.04759261774746366,1.0,-65.3329633121844,,,
,,S02,1.0.0,V1_grid,portfolio,1d,BNBUSDT;XRPUSDT;SOLUSDT;TRXUSDT;DOGEUSDT;ADAUSDT;BCHUSDT;LINKUSDT;ZECUSDT;HYPEUSDT,2023-01-01,2023-12-31,F1,wf,False,,,,"{'lookback_days': (14,), 'rebalance': 'weekly'}",,-0.023708841987414964,-0.023773195744141384,0.29318890877297055,0.07571240219922731,0.10710650093843421,-0.41764049103827805,-0.056922631436046506,171,0.30409356725146197,0.6376371428139636,-243.54687228212356,0.03291503339256297,1.0,-106.0705132554893,,,
,,S02,1.0.0,V1_grid,portfolio,1d,BNBUSDT;XRPUSDT;SOLUSDT;TRXUSDT;DOGEUSDT;ADAUSDT;BCHUSDT;LINKUSDT;ZECUSDT;HYPEUSDT,2023-01-01,2023-12-31,F1,wf,False,,,,"{'lookback_days': (28,), 'rebalance': 'every_bar'}",,0.3438752662876299,0.34496689710596984,0.2336233457457276,1.4024145338891996,2.1806030885732195,-0.12404616381905353,2.7809557868244434,318,0.34591194968553457,0.8259677791977384,-49.91631630803122,0.05031282806475586,1.0,-132.35301212428087,,,
,,S02,1.0.0,V1_grid,portfolio,1d,BNBUSDT;XRPUSDT;SOLUSDT;TRXUSDT;DOGEUSDT;ADAUSDT;BCHUSDT;LINKUSDT;ZECUSDT;HYPEUSDT,2023-01-01,2023-12-31,F1,wf,False,,,,"{'lookback_days': (28,), 'rebalance': 'weekly'}",,0.27552738616186656,0.27638045151546864,0.27346412461691444,1.0410686297754124,1.5614429606582032,-0.2044095768912516,1.3520915004021872,110,0.37272727272727274,0.7664878797821071,-139.82786168212243,0.04348619343709432,1.0,-285.9593390571407,,,
,,S02,1.0.0,V2_pair,pair,1d,BNBUSDT,2023-01-01,2023-12-31,F1,wf,False,,,,"{'lookback_days': (14,), 'rebalance': 'weekly'}",,0.018435357384826823,0.018486469254874738,0.04586867454223228,0.41295830289003405,0.6109362127019693,-0.047975633162612,0.38533038620283333,33,0.36363636363636365,1.2629038242416666,131.25110418947065,0.03139382623531893,1.0,-21.57412268378403,,,
,,S02,1.0.0,V2_pair,pair,1d,XRPUSDT,2023-01-01,2023-12-31,F1,wf,False,,,,"{'lookback_days': (14,), 'rebalance': 'weekly'}",,-0.02185621313492625,-0.02191559486736927,0.09496448537064317,-0.18457248622470418,-0.2183971582308571,-0.08659549304203606,-0.2530800864743709,30,0.43333333333333335,1.1088480185782008,81.67059507468852,0.013478663632404506,1.0,15.907140111426617,,,
,,S02,1.0.0,V2_pair,pair,1d,SOLUSDT,2023-01-01,2023-12-31,F1,wf,False,,,,"{'lookback_days': (14,), 'rebalance': 'weekly'}",,0.20040327812552894,0.20100579945318664,0.14424776813358806,1.342553056008975,2.4071013785781954,-0.12679911013659995,1.5852303634989573,35,0.3142857142857143,0.7220508998861773,-243.70039775724825,0.024706822590059234,1.0,-70.59927869926547,,,
,,S02,1.0.0,V2_pair,pair,1d,TRXUSDT,2023-01-01,2023-12-31,F1,wf,False,,,,"{'lookback_days': (14,), 'rebalance': 'weekly'}",,0.016459343179985986,0.016504932282142226,0.044299205260064985,0.3804430589697184,0.5683989820472989,-0.029702130958517592,0.5556817558037584,32,0.5,1.034787400394131,11.738139147375534,0.03775036827984829,1.0,9.044338378401955,,,
,,S02,1.0.0,V2_pair,pair,1d,DOGEUSDT,2023-01-01,2023-12-31,F1,wf,False,,,,"{'lookback_days': (14,), 'rebalance': 'weekly'}",,0.005053057805735728,0.005066974943445324,0.06764804634914337,0.1151209445874017,0.17007407069209474,-0.06301891420348105,0.08040403436791416,33,0.24242424242424243,0.3525141538359601,-645.0082415984291,0.05683913237219485,1.0,-26.35231703350031,,,
,,S02,1.0.0,V2_pair,pair,1d,ADAUSDT,2023-01-01,2023-12-31,F1,wf,False,,,,"{'lookback_days': (14,), 'rebalance': 'weekly'}",,0.04003786802177567,0.04015004136618039,0.08659819749022818,0.5178098562689352,0.8066790854904503,-0.09538163436604985,0.42094100853939026,31,0.3548387096774194,1.102820689507271,99.73612317296923,0.03615654542381251,1.0,-43.499573218500444,,,
,,S02,1.0.0,V2_pair,pair,1d,BCHUSDT,2023-01-01,2023-12-31,F1,wf,False,,,,"{'lookback_days': (14,), 'rebalance': 'weekly'}",,-0.16959548213494346,-0.17001934180042,0.09837597695803618,-1.8389754167615793,-2.1246976030504996,-0.20020471025936581,-0.8492274811125045,36,0.2777777777777778,0.5195357957364253,-393.33872519799337,0.02160514862472499,1.0,15.735239489806478,,,
,,S02,1.0.0,V2_pair,pair,1d,LINKUSDT,2023-01-01,2023-12-31,F1,wf,False,,,,"{'lookback_days': (14,), 'rebalance': 'weekly'}",,-0.08836294292563729,-0.08859461288402914,0.08193323379424552,-1.0726389836622967,-1.4357240086945442,-0.11771660171433196,-0.7526093311717031,39,0.358974358974359,0.596326151382316,-304.9228438469727,0.03424326738924488,1.0,-8.49152658253322,,,
,,S02,1.0.0,V2_pair,pair,1d,ZECUSDT,2023-01-01,2023-12-31,F1,wf,False,,,,"{'lookback_days': (14,), 'rebalance': 'weekly'}",,-0.06878937500570181,-0.06897168459586445,0.0619929763781541,-1.1203411357455713,-1.545039777508955,-0.08915466907630909,-0.7736183119790433,38,0.3684210526315789,0.6526491355017514,-189.27972094110325,0.036843904508548984,1.0,-2.3124741135314153,,,
,,S02,1.0.0,V0,portfolio,1d,BNBUSDT;XRPUSDT;SOLUSDT;TRXUSDT;DOGEUSDT;ADAUSDT;BCHUSDT;LINKUSDT;ZECUSDT;HYPEUSDT,2024-01-01,2024-06-30,F1,wf,False,,,,"{'lookback_days': (7, 14, 28), 'rebalance': 'every_bar'}",,0.07915411159366359,0.16604492816323435,0.23771855378408083,0.7650965337609423,1.1315392333565875,-0.11971224157762095,1.3870338235674209,101,0.13861386138613863,0.08764332007472217,-452.91195118261925,0.5523886774076808,1.0,-119.02435642827405,,,
,,S02,1.0.0,V1,portfolio,1d,BNBUSDT;XRPUSDT;SOLUSDT;TRXUSDT;DOGEUSDT;ADAUSDT;BCHUSDT;LINKUSDT;ZECUSDT;HYPEUSDT,2024-01-01,2024-06-30,F1,wf,False,,,,"{'lookback_days': (14,), 'rebalance': 'weekly'}",,-0.051390717993303414,-0.10092696532674894,0.29296895908785126,-0.21501777624111723,-0.28247905799393636,-0.15752105259026916,-0.6407204857199112,46,0.2391304347826087,0.6655337364725392,-249.93861477872846,0.0686222411622863,1.0,-143.01078584429882,,,
,,S02,1.0.0,V2,portfolio,1d,BNBUSDT;SOLUSDT;TRXUSDT;DOGEUSDT;ADAUSDT,2024-01-01,2024-06-30,F1,wf,False,,,,"{'lookback_days': (14,), 'rebalance': 'weekly'}",,0.1561039439928722,0.339793642749626,0.23854078996525557,1.3463021925572807,1.9758984092346068,-0.11193546985082892,3.0356208197674324,39,0.3076923076923077,1.4481149161806028,313.3519465966362,0.060757675801798784,1.0,-180.02018766075903,,,
,,S02,1.0.0,V1_grid,portfolio,1d,BNBUSDT;XRPUSDT;SOLUSDT;TRXUSDT;DOGEUSDT;ADAUSDT;BCHUSDT;LINKUSDT;ZECUSDT;HYPEUSDT,2023-01-01,2024-06-30,F2,wf,False,,,,"{'lookback_days': (3, 7, 14), 'rebalance': 'every_bar'}",,0.17113119311649871,0.11138027244354398,0.20664560932702322,0.6316885966065101,0.9843792595696117,-0.1938994501226422,0.5744228380900281,888,0.16441441441441443,0.2601006932451337,-250.53520272530787,0.3397147101473941,1.0,-218.89575874007022,,,
,,S02,1.0.0,V1_grid,portfolio,1d,BNBUSDT;XRPUSDT;SOLUSDT;TRXUSDT;DOGEUSDT;ADAUSDT;BCHUSDT;LINKUSDT;ZECUSDT;HYPEUSDT,2023-01-01,2024-06-30,F2,wf,False,,,,"{'lookback_days': (3, 7, 14), 'rebalance': 'weekly'}",,0.22248038940409431,0.14372351699920793,0.20475337531039672,0.7637535433612872,1.1409394064288494,-0.15609877415109052,0.9207216250147847,248,0.25,0.6206933055446019,-263.40313625952734,0.08198186698535603,1.0,-247.21823368247772,,,
,,S02,1.0.0,V1_grid,portfolio,1d,BNBUSDT;XRPUSDT;SOLUSDT;TRXUSDT;DOGEUSDT;ADAUSDT;BCHUSDT;LINKUSDT;ZECUSDT;HYPEUSDT,2023-01-01,2024-06-30,F2,wf,False,,,,"{'lookback_days': (7, 14, 28), 'rebalance': 'every_bar'}",,0.2775754387825191,0.17792927788582524,0.20772987157266368,0.9083195983094223,1.4047602226021216,-0.14835402082218163,1.1993559520647759,582,0.19243986254295534,0.16712844951856923,-370.69406185215263,0.4402841574766593,1.0,-225.1018395174792,,,
,,S02,1.0.0,V1_grid,portfolio,1d,BNBUSDT;XRPUSDT;SOLUSDT;TRXUSDT;DOGEUSDT;ADAUSDT;BCHUSDT;LINKUSDT;ZECUSDT;HYPEUSDT,2023-01-01,2024-06-30,F2,wf,False,,,,"{'lookback_days': (7, 14, 28), 'rebalance': 'weekly'}",,0.15071228736708076,0.09838896494159788,0.20271432549728122,0.5721395318559972,0.8079662316306722,-0.18839008486859543,0.5222619067782972,231,0.20346320346320346,0.38171797213395825,-440.7450532374635,0.1185182044030154,1.0,-213.45688873833788,,,
,,S02,1.0.0,V1_grid,portfolio,1d,BNBUSDT;XRPUSDT;SOLUSDT;TRXUSDT;DOGEUSDT;ADAUSDT;BCHUSDT;LINKUSDT;ZECUSDT;HYPEUSDT,2023-01-01,2024-06-30,F2,wf,False,,,,"{'lookback_days': (14, 28, 56), 'rebalance': 'every_bar'}",,0.19569392301092736,0.12690898746129098,0.20630762277305495,0.6961848981185984,1.0196100361985443,-0.1798346509451818,0.7056981888322295,458,0.20305676855895197,0.24529801201226775,-391.658465610432,0.2609264237187851,1.0,-185.89895234149006,,,
,,S02,1.0.0,V1_grid,portfolio,1d,BNBUSDT;XRPUSDT;SOLUSDT;TRXUSDT;DOGEUSDT;ADAUSDT;BCHUSDT;LINKUSDT;ZECUSDT;HYPEUSDT,2023-01-01,2024-06-30,F2,wf,False,,,,"{'lookback_days': (14, 28, 56), 'rebalance': 'weekly'}",,0.1361731541226734,0.08909198604977431,0.21289599234579862,0.5165470610971162,0.7633012325802229,-0.22243729973525173,0.4005262883329952,151,0.16556291390728478,0.3098992485171662,-505.0768047046278,0.2178538249445155,1.0,-345.3015696567173,,,
,,S02,1.0.0,V1_grid,portfolio,1d,BNBUSDT;XRPUSDT;SOLUSDT;TRXUSDT;DOGEUSDT;ADAUSDT;BCHUSDT;LINKUSDT;ZECUSDT;HYPEUSDT,2023-01-01,2024-06-30,F2,wf,False,,,,"{'lookback_days': (7,), 'rebalance': 'every_bar'}",,0.15411050330422849,0.10055631094783801,0.24915781715194224,0.5235172789262411,0.7979013179646746,-0.20570448836288047,0.4888386818786764,826,0.32566585956416466,1.0803821870240267,30.345740573413007,0.05647125356499731,1.0,-228.19125712745938,,,
,,S02,1.0.0,V1_grid,portfolio,1d,BNBUSDT;XRPUSDT;SOLUSDT;TRXUSDT;DOGEUSDT;ADAUSDT;BCHUSDT;LINKUSDT;ZECUSDT;HYPEUSDT,2023-01-01,2024-06-30,F2,wf,False,,,,"{'lookback_days': (7,), 'rebalance': 'weekly'}",,0.14546708223308014,0.09503945883748743,0.231024485370935,0.5101426786734351,0.7452348783525736,-0.2802278376908589,0.33915066975727387,302,0.31788079470198677,1.0988632503873432,71.44775652512348,0.031240442947362997,1.0,-118.65237555351351,,,
,,S02,1.0.0,V1_grid,portfolio,1d,BNBUSDT;XRPUSDT;SOLUSDT;TRXUSDT;DOGEUSDT;ADAUSDT;BCHUSDT;LINKUSDT;ZECUSDT;HYPEUSDT,2023-01-01,2024-06-30,F2,wf,False,,,,"{'lookback_days': (14,), 'rebalance': 'every_bar'}",,0.27246710895015225,0.17477862862386107,0.2439046913284274,0.7942198166118329,1.1766983940435334,-0.22275049557789173,0.7846385623988172,570,0.3368421052631579,1.0962185179417134,38.92710396631846,0.0502636590370256,1.0,-206.71007172807575,,,
,,S02,1.0.0,V1_grid,portfolio,1d,BNBUSDT;XRPUSDT;SOLUSDT;TRXUSDT;DOGEUSDT;ADAUSDT;BCHUSDT;LINKUSDT;ZECUSDT;HYPEUSDT,2023-01-01,2024-06-30,F2,wf,False,,,,"{'lookback_days': (14,), 'rebalance': 'weekly'}",,0.06112933134152376,0.04046164262693219,0.28688390919857365,0.2894965581496949,0.4102068797856771,-0.41764049103827805,0.09688151291638951,215,0.3116279069767442,0.8084643344491539,-54.19441727957721,0.04079006429007128,1.0,-228.1091061361375,,,
,,S02,1.0.0,V1_grid,portfolio,1d,BNBUSDT;XRPUSDT;SOLUSDT;TRXUSDT;DOGEUSDT;ADAUSDT;BCHUSDT;LINKUSDT;ZECUSDT;HYPEUSDT,2023-01-01,2024-06-30,F2,wf,False,,,,"{'lookback_days': (28,), 'rebalance': 'every_bar'}",,0.4663364178510254,0.29159653442762656,0.25685560746828623,1.135040501037617,1.7165465543640892,-0.16476767583627672,1.7697435674056288,408,0.34068627450980393,1.0349393920080159,29.8748593171514,0.05990791552433764,1.0,-327.1357504369313,,,
,,S02,1.0.0,V1_grid,portfolio,1d,BNBUSDT;XRPUSDT;SOLUSDT;TRXUSDT;DOGEUSDT;ADAUSDT;BCHUSDT;LINKUSDT;ZECUSDT;HYPEUSDT,2023-01-01,2024-06-30,F2,wf,False,,,,"{'lookback_days': (28,), 'rebalance': 'weekly'}",,0.4151502033678931,0.2612791616047343,0.28420005946857374,0.9663530410788563,1.4636727963016387,-0.2044095768912516,1.2782138957400122,145,0.38620689655172413,1.3135124812618837,261.1092875525849,0.05715033379284612,1.0,-536.1582739752239,,,
,,S02,1.0.0,V2_pair,pair,1d,BNBUSDT,2023-01-01,2024-06-30,F2,wf,False,,,,"{'lookback_days': (28,), 'rebalance': 'every_bar'}",,0.04818557377410615,0.03196004952878306,0.0622340654387773,0.5318416135544144,0.8460810138891084,-0.056268158261794765,0.5679953017137128,96,0.2708333333333333,1.0858764265928236,28.46819810994475,0.04448610936608441,1.0,14.601509042191815,,,
,,S02,1.0.0,V2_pair,pair,1d,XRPUSDT,2023-01-01,2024-06-30,F2,wf,False,,,,"{'lookback_days': (28,), 'rebalance': 'every_bar'}",,-0.16926638956827433,-0.11659399177739627,0.10352765465669508,-1.1428636620572803,-1.2397653950620637,-0.19001225521702714,-0.6136130095620705,83,0.3253012048192771,0.5307830316879174,-209.15077039574646,0.07599428244954931,1.0,-46.66357799216619,,,
,,S02,1.0.0,V2_pair,pair,1d,SOLUSDT,2023-01-01,2024-06-30,F2,wf,False,,,,"{'lookback_days': (28,), 'rebalance': 'every_bar'}",,0.4643065783571947,0.29040101987250777,0.16233067526511605,1.6523519549306596,2.8140909562118703,-0.12399822006400107,2.341977326147252,58,0.43103448275862066,4.541014855729241,990.9146317941094,0.056985379852093204,1.0,-427.3451932062662,,,
,,S02,1.0.0,V2_pair,pair,1d,TRXUSDT,2023-01-01,2024-06-30,F2,wf,False,,,,"{'lookback_days': (28,), 'rebalance': 'every_bar'}",,0.07628917617489384,0.050375201381597456,0.04276202719149585,1.163194802444881,1.7766325698719205,-0.040219140229865724,1.2525181068935456,81,0.35802469135802467,0.8251032176477995,-35.82194514689733,0.09716085687457045,1.0,-50.3322455112784,,,
,,S02,1.0.0,V2_pair,pair,1d,DOGEUSDT,2023-01-01,2024-06-30,F2,wf,False,,,,"{'lookback_days': (28,), 'rebalance': 'every_bar'}",,0.09508104273472529,0.0625998569758277,0.10392676885287652,0.6400243945652596,0.9539187465924378,-0.11343960656198304,0.5518342215126014,74,0.3783783783783784,1.343180414517527,111.64303904575176,0.07099791303778266,1.0,-139.33577939899814,,,
,,S02,1.0.0,V2_pair,pair,1d,ADAUSDT,2023-01-01,2024-06-30,F2,wf,False,,,,"{'lookback_days': (28,), 'rebalance': 'every_bar'}",,0.1464315980937847,0.09565576449771163,0.08525691353447987,1.125198939974851,1.806138238899079,-0.06347396457018062,1.5070078755195586,60,0.38333333333333336,1.3635649693032155,139.65116650165643,0.06394321729797238,1.0,-115.26734563611043,,,
,,S02,1.0.0,V2_pair,pair,1d,BCHUSDT,2023-01-01,2024-06-30,F2,wf,False,,,,"{'lookback_days': (28,), 'rebalance': 'every_bar'}",,0.05955292208881535,0.039428086776690074,0.11687230471770342,0.39158688447676004,0.6969177869008558,-0.11090923231167182,0.35549868982855415,92,0.32608695652173914,0.9648771609222139,-0.9494100097980843,0.04948048973601933,1.0,-32.20088506414074,,,
,,S02,1.0.0,V2_pair,pair,1d,LINKUSDT,2023-01-01,2024-06-30,F2,wf,False,,,,"{'lookback_days': (28,), 'rebalance': 'every_bar'}",,0.09896193496202632,0.0651157983287074,0.08989823199352845,0.7597698009443751,1.2163816102958123,-0.06062632236124088,1.0740515966103972,86,0.37209302325581395,0.7761777115330836,-82.52690204349432,0.06506568370422885,1.0,-86.71644819012138,,,
,,S02,1.0.0,V2_pair,pair,1d,ZECUSDT,2023-01-01,2024-06-30,F2,wf,False,,,,"{'lookback_days': (28,), 'rebalance': 'every_bar'}",,-0.01953102790832728,-0.013099094489188112,0.0679364552335704,-0.1591709832762786,-0.22467713538248046,-0.07645978417315413,-0.17132005577629328,66,0.3787878787878788,0.9678910849988169,-7.61870070550693,0.05159828180562156,1.0,-60.932850280342414,,,
,,S02,1.0.0,V0,portfolio,1d,BNBUSDT;XRPUSDT;SOLUSDT;TRXUSDT;DOGEUSDT;ADAUSDT;BCHUSDT;LINKUSDT;ZECUSDT;HYPEUSDT,2024-07-01,2024-12-31,F2,wf,False,,,,"{'lookback_days': (7, 14, 28), 'rebalance': 'every_bar'}",,0.1350000905722537,0.28733408512598024,0.3028501224117069,0.9853329002349396,1.5320043748140006,-0.23324115755261599,1.2319184493035353,120,0.11666666666666667,0.13947592363368824,-492.338881644339,0.41702791386546484,1.0,-126.05702479584079,,,
,,S02,1.0.0,V1,portfolio,1d,BNBUSDT;XRPUSDT;SOLUSDT;TRXUSDT;DOGEUSDT;ADAUSDT;BCHUSDT;LINKUSDT;ZECUSDT;HYPEUSDT,2024-07-01,2024-12-31,F2,wf,False,,,,"{'lookback_days': (28,), 'rebalance': 'every_bar'}",,0.08704524222820864,0.1811285428840146,0.39663301624540154,0.6175798457194972,0.9426623048962107,-0.34251025731715823,0.5288266234791703,97,0.23711340206185566,1.1871701812010198,144.98424266609916,0.0636206125975849,1.0,-176.13072314349031,,,
,,S02,1.0.0,V2,portfolio,1d,BNBUSDT;SOLUSDT;TRXUSDT;DOGEUSDT;ADAUSDT;BCHUSDT;LINKUSDT,2024-07-01,2024-12-31,F2,wf,False,,,,"{'lookback_days': (28,), 'rebalance': 'every_bar'}",,0.08704524222820864,0.1811285428840146,0.39663301624540154,0.6175798457194972,0.9426623048962107,-0.34251025731715823,0.5288266234791703,97,0.23711340206185566,1.1871701812010198,144.98424266609916,0.0636206125975849,1.0,-176.13072314349031,,,
,,S02,1.0.0,V1_grid,portfolio,1d,BNBUSDT;XRPUSDT;SOLUSDT;TRXUSDT;DOGEUSDT;ADAUSDT;BCHUSDT;LINKUSDT;ZECUSDT;HYPEUSDT,2023-01-01,2024-12-31,F3,wf,False,,,,"{'lookback_days': (3, 7, 14), 'rebalance': 'every_bar'}",,0.3074363449599167,0.1434318278585378,0.225597046818038,0.7186573221336926,1.1192533256882056,-0.1992094532261539,0.7200051279479485,1049,0.16491897044804577,0.2202060968685625,-276.44550232607867,0.38768277501107146,1.0,-362.45869118671783,,,
,,S02,1.0.0,V1_grid,portfolio,1d,BNBUSDT;XRPUSDT;SOLUSDT;TRXUSDT;DOGEUSDT;ADAUSDT;BCHUSDT;LINKUSDT;ZECUSDT;HYPEUSDT,2023-01-01,2024-12-31,F3,wf,False,,,,"{'lookback_days': (3, 7, 14), 'rebalance': 'weekly'}",,0.061876595382480026,0.030473966377841055,0.22525099129103668,0.2497583010306621,0.3570941156549364,-0.32503986284798725,0.09375455093670447,309,0.2459546925566343,0.5932936508680624,-338.2903892437371,0.08536201772983316,1.0,-343.80560305309285,,,
,,S02,1.0.0,V1_grid,portfolio,1d,BNBUSDT;XRPUSDT;SOLUSDT;TRXUSDT;DOGEUSDT;ADAUSDT;BCHUSDT;LINKUSDT;ZECUSDT;HYPEUSDT,2023-01-01,2024-12-31,F3,wf,False,,,,"{'lookback_days': (7, 14, 28), 'rebalance': 'every_bar'}",,0.4350351214531394,0.197929514392704,0.23522183726801565,0.895979162302475,1.3877224988148686,-0.23301289834317085,0.849435871576527,703,0.17923186344238975,0.16163889567496964,-391.06874957973747,0.47186791085472907,1.0,-376.34942522015774,,,
,,S02,1.0.0,V1_grid,portfolio,1d,BNBUSDT;XRPUSDT;SOLUSDT;TRXUSDT;DOGEUSDT;ADAUSDT;BCHUSDT;LINKUSDT;ZECUSDT;HYPEUSDT,2023-01-01,2024-12-31,F3,wf,False,,,,"{'lookback_days': (7, 14, 28), 'rebalance': 'weekly'}",,0.10624711663345554,0.05178282769469833,0.22917295015121,0.34035377839607556,0.48004885890797233,-0.2625218907557021,0.19725146556591905,279,0.1971326164874552,0.5096416066513977,-493.69398918244457,0.10169826772445938,1.0,-332.38978049965937,,,
,,S02,1.0.0,V1_grid,portfolio,1d,BNBUSDT;XRPUSDT;SOLUSDT;TRXUSDT;DOGEUSDT;ADAUSDT;BCHUSDT;LINKUSDT;ZECUSDT;HYPEUSDT,2023-01-01,2024-12-31,F3,wf,False,,,,"{'lookback_days': (14, 28, 56), 'rebalance': 'every_bar'}",,0.47772801170867263,0.2156183659803239,0.2490228572935612,0.9170549614810078,1.4063629379155307,-0.23686273367540434,0.910309370471956,545,0.1926605504587156,0.24813560371021806,-396.8107849056255,0.34266800702511174,1.0,-362.7885737637749,,,
,,S02,1.0.0,V1_grid,portfolio,1d,BNBUSDT;XRPUSDT;SOLUSDT;TRXUSDT;DOGEUSDT;ADAUSDT;BCHUSDT;LINKUSDT;ZECUSDT;HYPEUSDT,2023-01-01,2024-12-31,F3,wf,False,,,,"{'lookback_days': (14, 28, 56), 'rebalance': 'weekly'}",,0.23162295669459687,0.10978509482448762,0.253886035675704,0.542538904100378,0.8400857335758984,-0.3135096095439768,0.35018095612500766,191,0.18324607329842932,0.26471293887817493,-675.5547748720189,0.24426188623831213,1.0,-463.4212936863577,,,
,,S02,1.0.0,V1_grid,portfolio,1d,BNBUSDT;XRPUSDT;SOLUSDT;TRXUSDT;DOGEUSDT;ADAUSDT;BCHUSDT;LINKUSDT;ZECUSDT;HYPEUSDT,2023-01-01,2024-12-31,F3,wf,False,,,,"{'lookback_days': (7,), 'rebalance': 'every_bar'}",,0.23491545839510586,0.11126750082736869,0.27602044217297056,0.5299418706542532,0.7981926442746885,-0.27817195398161976,0.39999539577854315,980,0.3326530612244898,1.0804463176213153,33.892711906501184,0.05562464759589383,1.0,-365.58474980545094,,,
,,S02,1.0.0,V1_grid,portfolio,1d,BNBUSDT;XRPUSDT;SOLUSDT;TRXUSDT;DOGEUSDT;ADAUSDT;BCHUSDT;LINKUSDT;ZECUSDT;HYPEUSDT,2023-01-01,2024-12-31,F3,wf,False,,,,"{'lookback_days': (7,), 'rebalance': 'weekly'}",,-0.1734161996948499,-0.09083345843286217,0.2581616787908354,-0.2373981209336755,-0.3152242406507297,-0.4837772828631631,-0.18775883376598007,380,0.3236842105263158,0.9334354811142705,-21.898599971975024,0.03442344251510797,1.0,-155.35912135165492,,,
,,S02,1.0.0,V1_grid,portfolio,1d,BNBUSDT;XRPUSDT;SOLUSDT;TRXUSDT;DOGEUSDT;ADAUSDT;BCHUSDT;LINKUSDT;ZECUSDT;HYPEUSDT,2023-01-01,2024-12-31,F3,wf,False,,,,"{'lookback_days': (14,), 'rebalance': 'every_bar'}",,0.7223307144756177,0.3123759806075459,0.27911693262143794,1.1212233081729344,1.7163539454054582,-0.22275049557789173,1.4023581846457163,672,0.33779761904761907,1.2918407129810756,95.96800335572361,0.04958997779717269,1.0,-439.4779524479274,,,
,,S02,1.0.0,V1_grid,portfolio,1d,BNBUSDT;XRPUSDT;SOLUSDT;TRXUSDT;DOGEUSDT;ADAUSDT;BCHUSDT;LINKUSDT;ZECUSDT;HYPEUSDT,2023-01-01,2024-12-31,F3,wf,False,,,,"{'lookback_days': (14,), 'rebalance': 'weekly'}",,0.03196607922933414,0.015857312435823445,0.29985977609081527,0.20786965777515667,0.29826348841491057,-0.41764049103827805,0.037968809959976015,263,0.3155893536121673,0.8360523019387212,-42.26696204354679,0.04276851609742697,1.0,-318.81603518692333,,,
,,S02,1.0.0,V1_grid,portfolio,1d,BNBUSDT;XRPUSDT;SOLUSDT;TRXUSDT;DOGEUSDT;ADAUSDT;BCHUSDT;LINKUSDT;ZECUSDT;HYPEUSDT,2023-01-01,2024-12-31,F3,wf,False,,,,"{'lookback_days': (28,), 'rebalance': 'every_bar'}",,0.5789117151400809,0.25654753795472485,0.2969685704943448,0.9240726682241713,1.4015741697005561,-0.3637981768723333,0.705191928558659,505,0.32673267326732675,1.1004699400121676,60.482382674892705,0.06137409636000529,1.0,-517.0023237075849,,,
,,S02,1.0.0,V1_grid,portfolio,1d,BNBUSDT;XRPUSDT;SOLUSDT;TRXUSDT;DOGEUSDT;ADAUSDT;BCHUSDT;LINKUSDT;ZECUSDT;HYPEUSDT,2023-01-01,2024-12-31,F3,wf,False,,,,"{'lookback_days': (28,), 'rebalance': 'weekly'}",,0.20069994160974902,0.09576454661106326,0.2918362439312593,0.4647601450909799,0.6855000233181827,-0.34749940465248197,0.27558190123183934,181,0.3812154696132597,1.053927252889758,112.03469545348287,0.06196841319040323,1.0,-672.2835303467615,,,
,,S02,1.0.0,V2_pair,pair,1d,BNBUSDT,2023-01-01,2024-12-31,F3,wf,False,,,,"{'lookback_days': (28,), 'rebalance': 'every_bar'}",,-0.039635462488233686,-0.020018093273265425,0.06089743056719023,-0.3052730810895333,-0.46211769122899443,-0.1194694692211733,-0.1675582339468339,117,0.2564102564102564,0.8132242985584016,-49.070211779542944,0.05783011825978177,1.0,-2.102716825134776,,,
,,S02,1.0.0,V2_pair,pair,1d,XRPUSDT,2023-01-01,2024-12-31,F3,wf,False,,,,"{'lookback_days': (28,), 'rebalance': 'every_bar'}",,0.04991945690541599,0.02465577483631831,0.14080346637873292,0.2444358995514845,0.3364255344320025,-0.19462713848196433,0.12668210111203534,97,0.32989690721649484,1.1480048886252723,99.46497606559501,0.0476167090636591,1.0,-91.47012813339825,,,
,,S02,1.0.0,V2_pair,pair,1d,SOLUSDT,2023-01-01,2024-12-31,F3,wf,False,,,,"{'lookback_days': (28,), 'rebalance': 'every_bar'}",,0.46175550488147965,0.20903081221343545,0.14702651177505718,1.3649378359218833,2.293106275294128,-0.12399822006400107,1.6857565544533237,70,0.42857142857142855,3.303813443229767,811.3160505290259,0.05956427200870802,1.0,-482.5964099769347,,,
,,S02,1.0.0,V2_pair,pair,1d,TRXUSDT,2023-01-01,2024-12-31,F3,wf,False,,,,"{'lookback_days': (28,), 'rebalance': 'every_bar'}",,0.11775832577288647,0.05724090243089175,0.10940243551190552,0.5588865455063896,1.1371303728107889,-0.1111548544550327,0.5149653851064899,93,0.3655913978494624,0.8290984484968013,-35.62804086640698,0.08186934119742516,1.0,-64.50934438915209,,,
,,S02,1.0.0,V2_pair,pair,1d,DOGEUSDT,2023-01-01,2024-12-31,F3,wf,False,,,,"{'lookback_days': (28,), 'rebalance': 'every_bar'}",,0.28719357756741104,0.13454553789938783,0.129305166119768,1.0429914014095147,1.6736626239819754,-0.1455424918743976,0.9244416264048847,88,0.36363636363636365,1.9502140906032222,307.07525466597474,0.05958630211228769,1.0,-232.16338138371034,,,
,,S02,1.0.0,V2_pair,pair,1d,ADAUSDT,2023-01-01,2024-12-31,F3,wf,False,,,,"{'lookback_days': (28,), 'rebalance': 'every_bar'}",,0.2332949291581572,0.11053812593632162,0.10678269353036095,1.0418024280709848,1.674109583257481,-0.12037648919420496,0.9182700598452329,80,0.35,1.531268097247168,210.95174737603028,0.056841274520462094,1.0,-162.94971612116822,,,
,,S02,1.0.0,V2_pair,pair,1d,BCHUSDT,2023-01-01,2024-12-31,F3,wf,False,,,,"{'lookback_days': (28,), 'rebalance': 'every_bar'}",,-0.0003752846771305496,-0.00018765994669311947,0.11026019886601064,0.055217359123878276,0.09309847458032233,-0.1705870814710686,-0.0011000829903110008,108,0.3148148148148148,0.867034376252864,-39.57155790606489,0.06020240941443874,1.0,-62.77941661876087,,,
,,S02,1.0.0,V2_pair,pair,1d,LINKUSDT,2023-01-01,2024-12-31,F3,wf,False,,,,"{'lookback_days': (28,), 'rebalance': 'every_bar'}",,0.12544612479027606,0.06087045617750908,0.10945880592809687,0.6023258771872264,0.9972492630292266,-0.08119581163667566,0.7496748286707717,112,0.36607142857142855,0.8852683530625183,-29.82335640898074,0.06734340959068798,1.0,-126.23209329367971,,,
,,S02,1.0.0,V2_pair,pair,1d,ZECUSDT,2023-01-01,2024-12-31,F3,wf,False,,,,"{'lookback_days': (28,), 'rebalance': 'every_bar'}",,0.03339850852566961,0.016562102640891085,0.09594078937929579,0.21966812173717112,0.32360067414178656,-0.09898731306294417,0.16731540768623102,72,0.3888888888888889,1.1823121467357474,82.6273980589531,0.05653595939265928,1.0,-113.6811894990216,,,
,,S02,1.0.0,V0,portfolio,1d,BNBUSDT;XRPUSDT;SOLUSDT;TRXUSDT;DOGEUSDT;ADAUSDT;BCHUSDT;LINKUSDT;ZECUSDT;HYPEUSDT,2025-01-01,2025-06-30,F3,wf,False,,,,"{'lookback_days': (7, 14, 28), 'rebalance': 'every_bar'}",,-0.1617935516415553,-0.3008459847449476,0.2582700877324742,-1.2530274001362138,-1.5474998749303135,-0.2428448184993427,-1.2388404521209164,100,0.12,0.04125496478090307,-582.1607599154347,0.7264198284703709,1.0,-1.6792173089560931,,,
,,S02,1.0.0,V1,portfolio,1d,BNBUSDT;XRPUSDT;SOLUSDT;TRXUSDT;DOGEUSDT;ADAUSDT;BCHUSDT;LINKUSDT;ZECUSDT;HYPEUSDT,2025-01-01,2025-06-30,F3,wf,False,,,,"{'lookback_days': (28,), 'rebalance': 'every_bar'}",,-0.21225453323134824,-0.3835559626579582,0.28198412692541064,-1.5734335802760502,-2.146965908124743,-0.272913254620326,-1.4054134644048606,67,0.13432835820895522,0.30192892704004637,-395.5260075883312,0.06379596247194778,1.0,-3.2204593849623038,,,
,,S02,1.0.0,V2,portfolio,1d,XRPUSDT;SOLUSDT;TRXUSDT;DOGEUSDT;ADAUSDT;BCHUSDT;LINKUSDT;ZECUSDT,2025-01-01,2025-06-30,F3,wf,False,,,,"{'lookback_days': (28,), 'rebalance': 'every_bar'}",,-0.1866023492937331,-0.3421691421658949,0.32199469417175136,-1.1385553572468239,-1.5607588761741837,-0.27210639372853695,-1.2574829186382699,59,0.22033898305084745,0.37953829747536894,-386.6740500270372,0.03985688546848379,1.0,9.23406653256632,,,
,,S02,1.0.0,V1_grid,portfolio,1d,BNBUSDT;XRPUSDT;SOLUSDT;TRXUSDT;DOGEUSDT;ADAUSDT;BCHUSDT;LINKUSDT;ZECUSDT;HYPEUSDT,2023-01-01,2025-06-30,F4,wf,False,,,,"{'lookback_days': (3, 7, 14), 'rebalance': 'every_bar'}",,0.17619968159573052,0.06718286388579942,0.22752556661281645,0.4088511899935834,0.6189454604184946,-0.1992094532261539,0.3372473685248742,1245,0.1614457831325301,0.2083049188586507,-288.47926151510785,0.4021741536282541,1.0,-370.34235368187205,,,
,,S02,1.0.0,V1_grid,portfolio,1d,BNBUSDT;XRPUSDT;SOLUSDT;TRXUSDT;DOGEUSDT;ADAUSDT;BCHUSDT;LINKUSDT;ZECUSDT;HYPEUSDT,2023-01-01,2025-06-30,F4,wf,False,,,,"{'lookback_days': (3, 7, 14), 'rebalance': 'weekly'}",,-0.02041837580162953,-0.008231407004050673,0.22447013618777129,0.07855836698565555,0.11117707344812545,-0.32503986284798725,-0.025324300016396108,365,0.25753424657534246,0.5644265868259595,-360.837091043009,0.08474080431354207,1.0,-335.0419428940828,,,
,,S02,1.0.0,V1_grid,portfolio,1d,BNBUSDT;XRPUSDT;SOLUSDT;TRXUSDT;DOGEUSDT;ADAUSDT;BCHUSDT;LINKUSDT;ZECUSDT;HYPEUSDT,2023-01-01,2025-06-30,F4,wf,False,,,,"{'lookback_days': (7, 14, 28), 'rebalance': 'every_bar'}",,0.17765509323836137,0.06771174389806478,0.24054909453626216,0.4014412954753002,0.5840824384701988,-0.2795958532776126,0.24217721080016638,805,0.17142857142857143,0.1388834006991315,-417.23376413905504,0.545646848861016,1.0,-376.7052580852206,,,
,,S02,1.0.0,V1_grid,portfolio,1d,BNBUSDT;XRPUSDT;SOLUSDT;TRXUSDT;DOGEUSDT;ADAUSDT;BCHUSDT;LINKUSDT;ZECUSDT;HYPEUSDT,2023-01-01,2025-06-30,F4,wf,False,,,,"{'lookback_days': (7, 14, 28), 'rebalance': 'weekly'}",,0.034298800655700123,0.013603390409039129,0.2237360203317261,0.17676894576208227,0.24791034709775664,-0.2625218907557021,0.05181811836673913,321,0.19937694704049844,0.49701477056320675,-512.217178473509,0.0915340419907596,1.0,-290.03412366365075,,,
,,S02,1.0.0,V1_grid,portfolio,1d,BNBUSDT;XRPUSDT;SOLUSDT;TRXUSDT;DOGEUSDT;ADAUSDT;BCHUSDT;LINKUSDT;ZECUSDT;HYPEUSDT,2023-01-01,2025-06-30,F4,wf,False,,,,"{'lookback_days': (14, 28, 56), 'rebalance': 'every_bar'}",,0.33289975034498354,0.12202152453907722,0.2507058056553633,0.5916725076180482,0.872140788708996,-0.23686273367540434,0.5151571234768192,638,0.1865203761755486,0.21790407613429458,-422.85207519714714,0.33411076426127684,1.0,-369.11051336722306,,,
,,S02,1.0.0,V1_grid,portfolio,1d,BNBUSDT;XRPUSDT;SOLUSDT;TRXUSDT;DOGEUSDT;ADAUSDT;BCHUSDT;LINKUSDT;ZECUSDT;HYPEUSDT,2023-01-01,2025-06-30,F4,wf,False,,,,"{'lookback_days': (14, 28, 56), 'rebalance': 'weekly'}",,0.05449932835921545,0.02148901745057663,0.24826294514524663,0.21410821914804062,0.3230249552973488,-0.3135096095439768,0.0685434091855558,224,0.19642857142857142,0.23315020133671976,-763.1801925582729,0.2556990177455736,1.0,-487.4827087700309,,,
,,S02,1.0.0,V1_grid,portfolio,1d,BNBUSDT;XRPUSDT;SOLUSDT;TRXUSDT;DOGEUSDT;ADAUSDT;BCHUSDT;LINKUSDT;ZECUSDT;HYPEUSDT,2023-01-01,2025-06-30,F4,wf,False,,,,"{'lookback_days': (7,), 'rebalance': 'every_bar'}",,-0.029155323553238133,-0.01178500838284624,0.2803536900884261,0.10597493154393613,0.15288598983665827,-0.3589470960345632,-0.032832159705539044,1140,0.33245614035087717,0.9994831452230064,10.85202266766664,0.05714626730757306,1.0,-367.2473827022044,,,
,,S02,1.0.0,V1_grid,portfolio,1d,BNBUSDT;XRPUSDT;SOLUSDT;TRXUSDT;DOGEUSDT;ADAUSDT;BCHUSDT;LINKUSDT;ZECUSDT;HYPEUSDT,2023-01-01,2025-06-30,F4,wf,False,,,,"{'lookback_days': (7,), 'rebalance': 'weekly'}",,-0.34211570673845637,-0.15444855247124667,0.26291495256996406,-0.5044039578815064,-0.6646792898352668,-0.529814854175448,-0.29151419831672193,450,0.32666666666666666,0.8855944920843173,-58.45270136868709,0.03454494186715224,1.0,-141.68311166420014,,,
,,S02,1.0.0,V1_grid,portfolio,1d,BNBUSDT;XRPUSDT;SOLUSDT;TRXUSDT;DOGEUSDT;ADAUSDT;BCHUSDT;LINKUSDT;ZECUSDT;HYPEUSDT,2023-01-01,2025-06-30,F4,wf,False,,,,"{'lookback_days': (14,), 'rebalance': 'every_bar'}",,0.6100775338726518,0.21024960299994788,0.27925416243558937,0.8295609032625652,1.2228561332207397,-0.22275049557789173,0.9438793949907397,785,0.3363057324840764,1.1779441548765293,74.19627394594801,0.04880516374941075,1.0,-442.5065271836845,,,
,,S02,1.0.0,V1_grid,portfolio,1d,BNBUSDT;XRPUSDT;SOLUSDT;TRXUSDT;DOGEUSDT;ADAUSDT;BCHUSDT;LINKUSDT;ZECUSDT;HYPEUSDT,2023-01-01,2025-06-30,F4,wf,False,,,,"{'lookback_days': (14,), 'rebalance': 'weekly'}",,0.03968360006148819,0.015714398179386135,0.29351701578607897,0.204307397144858,0.29405370360144545,-0.41764049103827805,0.03762661551402558,306,0.3300653594771242,0.859324372679439,-26.119242894840664,0.04054891711116182,1.0,-321.73313247926274,,,
,,S02,1.0.0,V1_grid,portfolio,1d,BNBUSDT;XRPUSDT;SOLUSDT;TRXUSDT;DOGEUSDT;ADAUSDT;BCHUSDT;LINKUSDT;ZECUSDT;HYPEUSDT,2023-01-01,2025-06-30,F4,wf,False,,,,"{'lookback_days': (28,), 'rebalance': 'every_bar'}",,0.23849519981921774,0.08947912373986666,0.29368296848616965,0.44382484297051966,0.6611639259945903,-0.3856344438755692,0.23203094319224882,573,0.3054101221640489,0.9512317652957241,8.106541951255181,0.06219214095951972,1.0,-521.3315013580102,,,
,,S02,1.0.0,V1_grid,portfolio,1d,BNBUSDT;XRPUSDT;SOLUSDT;TRXUSDT;DOGEUSDT;ADAUSDT;BCHUSDT;LINKUSDT;ZECUSDT;HYPEUSDT,2023-01-01,2025-06-30,F4,wf,False,,,,"{'lookback_days': (28,), 'rebalance': 'weekly'}",,0.16399740933386364,0.06273318620289303,0.2884967937245775,0.359767451916685,0.5252994071175909,-0.34749940465248197,0.18052746382581455,210,0.38571428571428573,1.0227099335509178,83.81684829817743,0.05761677031010033,1.0,-675.9035999137355,,,
,,S02,1.0.0,V2_pair,pair,1d,BNBUSDT,2023-01-01,2025-06-30,F4,wf,False,,,,"{'lookback_days': (28,), 'rebalance': 'every_bar'}",,-0.08223635342165991,-0.03379830668258477,0.0580079569788997,-0.5667851286109162,-0.8428172069128026,-0.16038471486764105,-0.21073271670855373,142,0.24647887323943662,0.7400132310590151,-70.43534489689827,0.06942304403622168,1.0,-13.72996146538938,,,
,,S02,1.0.0,V2_pair,pair,1d,XRPUSDT,2023-01-01,2025-06-30,F4,wf,False,,,,"{'lookback_days': (28,), 'rebalance': 'every_bar'}",,-0.0681178208253167,-0.027870274019491603,0.13298154009921928,-0.14514197453767322,-0.1967543839208713,-0.2104337680170335,-0.13244202336022254,114,0.2894736842105263,0.8740554707559777,-21.792604667918678,0.05441369020824752,1.0,-99.06112673015745,,,
,,S02,1.0.0,V2_pair,pair,1d,SOLUSDT,2023-01-01,2025-06-30,F4,wf,False,,,,"{'lookback_days': (28,), 'rebalance': 'every_bar'}",,0.44384531377859293,0.15854612792887424,0.13723912485058676,1.1411849883994456,1.8941862668401501,-0.12399822006400107,1.278616159546818,86,0.45348837209302323,2.923254161185172,670.8398508135061,0.0597315940375874,1.0,-479.724195794889,,,
,,S02,1.0.0,V2_pair,pair,1d,TRXUSDT,2023-01-01,2025-06-30,F4,wf,False,,,,"{'lookback_days': (28,), 'rebalance': 'every_bar'}",,0.0976614154045281,0.038039817123203035,0.1000810234829391,0.41903258579661656,0.8298477646735285,-0.12885720559530867,0.29520908006240326,115,0.3652173913043478,0.975871663674897,-1.6176745990051087,0.08851180790345191,1.0,-73.23301353439588,,,
,,S02,1.0.0,V2_pair,pair,1d,DOGEUSDT,2023-01-01,2025-06-30,F4,wf,False,,,,"{'lookback_days': (28,), 'rebalance': 'every_bar'}",,0.29477916952961536,0.10905267973296984,0.12155594973411413,0.9140398927849337,1.4649780662427672,-0.1455424918743976,0.7492841322730802,92,0.358695652173913,1.9053996929092112,309.1422420116223,0.05644649764192655,1.0,-231.21038263554073,,,
,,S02,1.0.0,V2_pair,pair,1d,ADAUSDT,2023-01-01,2025-06-30,F4,wf,False,,,,"{'lookback_days': (28,), 'rebalance': 'every_bar'}",,0.07839141141178763,0.03069971332529331,0.1074791728648968,0.34035950610785404,0.497925224375542,-0.2062347701161683,0.1488580868686726,92,0.31521739130434784,1.0191826956305794,33.78256508297133,0.06025215822070706,1.0,-164.08591926695505,,,
,,S02,1.0.0,V2_pair,pair,1d,BCHUSDT,2023-01-01,2025-06-30,F4,wf,False,,,,"{'lookback_days': (28,), 'rebalance': 'every_bar'}",,-0.03656900540677732,-0.014815456617761513,0.10456721411609081,-0.08894610565998776,-0.1464942116113971,-0.20230666109428574,-0.07323266835419086,123,0.2926829268292683,0.77503231041315,-81.61505032273317,0.05686450544217707,1.0,-55.30014723828641,,,
,,S02,1.0.0,V2_pair,pair,1d,LINKUSDT,2023-01-01,2025-06-30,F4,wf,False,,,,"{'lookback_days': (28,), 'rebalance': 'every_bar'}",,0.07895081545495919,0.030913897966556414,0.104731761446621,0.34953855566628905,0.5644494226651792,-0.12832748771918578,0.2408984896065614,124,0.3387096774193548,0.8336484770415096,-55.35131894820693,0.06606416122622767,1.0,-124.97880483289913,,,
,,S02,1.0.0,V2_pair,pair,1d,ZECUSDT,2023-01-01,2025-06-30,F4,wf,False,,,,"{'lookback_days': (28,), 'rebalance': 'every_bar'}",,-0.04173425354654403,-0.016935095317453075,0.09482264043284394,-0.13232157062870745,-0.191435496567747,-0.1451859746022235,-0.11664415494576098,88,0.36363636363636365,0.9404056280058909,-22.30800885718949,0.02533448013890059,1.0,15.252784593779914,,,
,,S02,1.0.0,V2_pair,pair,1d,HYPEUSDT,2023-01-01,2025-06-30,F4,wf,False,,,,"{'lookback_days': (28,), 'rebalance': 'every_bar'}",,0.00827686301120023,0.10337595834707347,0.020729025159886456,4.692906554366085,120.3812381169726,-0.002308509812693038,44.78038506861627,0,nan,nan,nan,0.004854836756053295,0.0653950953678474,-0.2052520713944206,,,
,,S02,1.0.0,V0,portfolio,1d,BNBUSDT;XRPUSDT;SOLUSDT;TRXUSDT;DOGEUSDT;ADAUSDT;BCHUSDT;LINKUSDT;ZECUSDT;HYPEUSDT,2025-07-01,2025-12-31,F4,wf,False,,,,"{'lookback_days': (7, 14, 28), 'rebalance': 'every_bar'}",,-0.029564685162030258,-0.05810084848542785,0.1966942251416734,-0.20562340031040383,-0.2754783158569137,-0.17100970686431527,-0.3397517576679257,110,0.2,0.11931686741969189,-346.4002254210481,0.429146650728601,1.0,-10.796477892343344,,,
,,S02,1.0.0,V1,portfolio,1d,BNBUSDT;XRPUSDT;SOLUSDT;TRXUSDT;DOGEUSDT;ADAUSDT;BCHUSDT;LINKUSDT;ZECUSDT;HYPEUSDT,2025-07-01,2025-12-31,F4,wf,False,,,,"{'lookback_days': (28,), 'rebalance': 'every_bar'}",,0.04321547103573509,0.08804694451942918,0.20544005223335926,0.5133434074669574,0.7634452665255498,-0.14824417246689792,0.5939319101335303,77,0.3246753246753247,0.6977659005856723,-123.67851894469317,0.037669832390275604,1.0,-24.043438366591403,,,
,,S02,1.0.0,V2,portfolio,1d,SOLUSDT;TRXUSDT;DOGEUSDT;ADAUSDT;LINKUSDT,2025-07-01,2025-12-31,F4,wf,False,,,,"{'lookback_days': (28,), 'rebalance': 'every_bar'}",,0.1054496379817893,0.22134963168285626,0.26878292314324553,0.8773114663728242,1.3675460435202509,-0.14893730473644395,1.4861933487688093,62,0.3387096774193548,0.8540590326557022,-46.48645725782188,0.03575653091901702,1.0,-36.63199216926932,,,
